{
"type": "FeatureCollection",
"name": "Espacios Culturales",
"crs": { "type": "name", "properties": { "name": "urn:ogc:def:crs:OGC:1.3:CRS84" } },
"features": [
{ "type": "Feature", "properties": { "Name": "Facultad de Artes Universidad Central del Ecuador", "Tipos": "Espacios de artes visuales" }, "geometry": { "type": "Point", "coordinates": [ -78.5065, -0.2009 ] } },
{ "type": "Feature", "properties": { "Name": "Facultad de Artes, Diseño y Arquitectura", "Tipos": "Espacios de artes visuales" }, "geometry": { "type": "Point", "coordinates": [ -78.4931, -0.2107 ] } },
{ "type": "Feature", "properties": { "Name": "USFQ Colegio de Comunicación y Artes Contemporáneas", "Tipos": "Espacios de artes visuales" }, "geometry": { "type": "Point", "coordinates": [ -78.4361, -0.1969 ] } },
{ "type": "Feature", "properties": { "Name": "Instituto Tecnológico Superior de Artes Visuales IAVQ", "Tipos": "Espacios de artes visuales" }, "geometry": { "type": "Point", "coordinates": [ -78.4948, -0.1789 ] } },
{ "type": "Feature", "properties": { "Name": "N24 Galería de Arte", "Tipos": "Espacios de artes visuales" }, "geometry": { "type": "Point", "coordinates": [ -78.4858, -0.2065 ] } },
{ "type": "Feature", "properties": { "Name": "La Minga Galería", "Tipos": "Espacios de artes visuales" }, "geometry": { "type": "Point", "coordinates": [ -78.4862, -0.1941 ] } },
{ "type": "Feature", "properties": { "Name": "Galería Gogh", "Tipos": "Espacios de artes visuales" }, "geometry": { "type": "Point", "coordinates": [ -78.4835, -0.1896 ] } },
{ "type": "Feature", "properties": { "Name": "Galería de Arte Sephia", "Tipos": "Espacios de artes visuales" }, "geometry": { "type": "Point", "coordinates": [ -78.485, -0.1774 ] } },
{ "type": "Feature", "properties": { "Name": "+ARTE Galería", "Tipos": "Espacios de artes visuales" }, "geometry": { "type": "Point", "coordinates": [ -78.482, -0.2033 ] } },
{ "type": "Feature", "properties": { "Name": "Opus Mae Galería de Arte", "Tipos": "Espacios de artes visuales" }, "geometry": { "type": "Point", "coordinates": [ -78.4842, -0.1754 ] } },
{ "type": "Feature", "properties": { "Name": "Galería Arte Beltrán", "Tipos": "Espacios de artes visuales" }, "geometry": { "type": "Point", "coordinates": [ -78.4946, -0.207 ] } },
{ "type": "Feature", "properties": { "Name": "Abelha Galería", "Tipos": "Espacios de artes visuales" }, "geometry": { "type": "Point", "coordinates": [ -78.4789, -0.1975 ] } },
{ "type": "Feature", "properties": { "Name": "Galería Kingman", "Tipos": "Espacios de artes visuales" }, "geometry": { "type": "Point", "coordinates": [ -78.4888, -0.2033 ] } },
{ "type": "Feature", "properties": { "Name": "Galería ArteActual", "Tipos": "Espacios de artes visuales" }, "geometry": { "type": "Point", "coordinates": [ -78.4859, -0.1958 ] } },
{ "type": "Feature", "properties": { "Name": "Le Petit Atelier", "Tipos": "Espacios de artes visuales" }, "geometry": { "type": "Point", "coordinates": [ -78.4768, -0.1817 ] } },
{ "type": "Feature", "properties": { "Name": "Imaginar Casa de Arte (matriz)", "Tipos": "Espacios de artes visuales" }, "geometry": { "type": "Point", "coordinates": [ -78.4815, -0.1884 ] } },
{ "type": "Feature", "properties": { "Name": "Contempo Gallery", "Tipos": "Espacios de artes visuales" }, "geometry": { "type": "Point", "coordinates": [ -78.4763, -0.1833 ] } },
{ "type": "Feature", "properties": { "Name": "Galería de arte 593", "Tipos": "Espacios de artes visuales" }, "geometry": { "type": "Point", "coordinates": [ -78.4926, -0.1426 ] } },
{ "type": "Feature", "properties": { "Name": "Galería Gogh (Cumbayá)", "Tipos": "Espacios de artes visuales" }, "geometry": { "type": "Point", "coordinates": [ -78.4382, -0.1972 ] } },
{ "type": "Feature", "properties": { "Name": "Parterre Galería", "Tipos": "Espacios de artes visuales" }, "geometry": { "type": "Point", "coordinates": [ -78.4925, -0.2109 ] } },
{ "type": "Feature", "properties": { "Name": "Expressarte", "Tipos": "Espacios de artes visuales" }, "geometry": { "type": "Point", "coordinates": [ -78.4941, -0.1897 ] } },
{ "type": "Feature", "properties": { "Name": "Pedro Eljuri Galería", "Tipos": "Espacios de artes visuales" }, "geometry": { "type": "Point", "coordinates": [ -78.4826, -0.1894 ] } },
{ "type": "Feature", "properties": { "Name": "Galería Sara Palacios", "Tipos": "Espacios de artes visuales" }, "geometry": { "type": "Point", "coordinates": [ -78.4325, -0.1679 ] } },
{ "type": "Feature", "properties": { "Name": "Ileana Viteri Galería", "Tipos": "Espacios de artes visuales" }, "geometry": { "type": "Point", "coordinates": [ -78.4849, -0.204 ] } },
{ "type": "Feature", "properties": { "Name": "Galería Benavides Art", "Tipos": "Espacios de artes visuales" }, "geometry": { "type": "Point", "coordinates": [ -78.4313, -0.198 ] } },
{ "type": "Feature", "properties": { "Name": "Almendra Casa de Arte", "Tipos": "Espacios de artes visuales" }, "geometry": { "type": "Point", "coordinates": [ -78.484, -0.208 ] } },
{ "type": "Feature", "properties": { "Name": "Arte Total", "Tipos": "Espacios de artes visuales" }, "geometry": { "type": "Point", "coordinates": [ -78.4287, -0.1971 ] } },
{ "type": "Feature", "properties": { "Name": "Atuczara Taller Galería", "Tipos": "Espacios de artes visuales" }, "geometry": { "type": "Point", "coordinates": [ -78.4816, -0.2058 ] } },
{ "type": "Feature", "properties": { "Name": "Galería Arte Ecuatoriano", "Tipos": "Espacios de artes visuales" }, "geometry": { "type": "Point", "coordinates": [ -78.48, -0.133 ] } },
{ "type": "Feature", "properties": { "Name": "Imaginar Casa de Arte (Cumbayá)", "Tipos": "Espacios de artes visuales" }, "geometry": { "type": "Point", "coordinates": [ -78.4392, -0.1969 ] } },
{ "type": "Feature", "properties": { "Name": "Galería Ecuador (Centro Histórico)", "Tipos": "Espacios de artes visuales" }, "geometry": { "type": "Point", "coordinates": [ -78.5121, -0.2207 ] } },
{ "type": "Feature", "properties": { "Name": "Avatart Galería de Arte", "Tipos": "Espacios de artes visuales" }, "geometry": { "type": "Point", "coordinates": [ -78.4337, -0.2144 ] } },
{ "type": "Feature", "properties": { "Name": "Hilography", "Tipos": "Espacios de artes visuales" }, "geometry": { "type": "Point", "coordinates": [ -78.4725, -0.1744 ] } },
{ "type": "Feature", "properties": { "Name": "LOV Galería de arte y enmarcaciones", "Tipos": "Espacios de artes visuales" }, "geometry": { "type": "Point", "coordinates": [ -78.4798, -0.1738 ] } },
{ "type": "Feature", "properties": { "Name": "VuelArte Galería", "Tipos": "Espacios de artes visuales" }, "geometry": { "type": "Point", "coordinates": [ -78.4969, -0.1731 ] } },
{ "type": "Feature", "properties": { "Name": "Galería Pincel de Oro", "Tipos": "Espacios de artes visuales" }, "geometry": { "type": "Point", "coordinates": [ -78.4856, -0.2958 ] } },
{ "type": "Feature", "properties": { "Name": "No Lugar Arte Contemporáneo", "Tipos": "Espacios de artes visuales" }, "geometry": { "type": "Point", "coordinates": [ -78.5054, -0.2202 ] } },
{ "type": "Feature", "properties": { "Name": "Galería Pincel de Oro", "Tipos": "Espacios de artes visuales" }, "geometry": { "type": "Point", "coordinates": [ -78.4913, -0.2814 ] } },
{ "type": "Feature", "properties": { "Name": "OHM-MHO", "Tipos": "Espacios de artes visuales" }, "geometry": { "type": "Point", "coordinates": [ -78.4905, -0.1733 ] } },
{ "type": "Feature", "properties": { "Name": "Galería de Arte Revollo Trujillo", "Tipos": "Espacios de artes visuales" }, "geometry": { "type": "Point", "coordinates": [ -78.4192, -0.1145 ] } },
{ "type": "Feature", "properties": { "Name": "The Garden Ecuador", "Tipos": "Espacios de artes visuales" }, "geometry": { "type": "Point", "coordinates": [ -78.4651, -0.1623 ] } },
{ "type": "Feature", "properties": { "Name": "Puente Laboratorio de Creación Artística", "Tipos": "Espacios de artes visuales" }, "geometry": { "type": "Point", "coordinates": [ -78.4786, -0.1651 ] } },
{ "type": "Feature", "properties": { "Name": "Galería de Arte Beni", "Tipos": "Espacios de artes visuales" }, "geometry": { "type": "Point", "coordinates": [ -78.4856, -0.1919 ] } },
{ "type": "Feature", "properties": { "Name": "Art Studio Francisca Aguirre", "Tipos": "Espacios de artes visuales" }, "geometry": { "type": "Point", "coordinates": [ -78.4297, -0.2016 ] } },
{ "type": "Feature", "properties": { "Name": "The Collector's Club", "Tipos": "Espacios de artes visuales" }, "geometry": { "type": "Point", "coordinates": [ -78.4302, -0.2005 ] } },
{ "type": "Feature", "properties": { "Name": "La Casa de Marco Gayo", "Tipos": "Espacios de artes visuales" }, "geometry": { "type": "Point", "coordinates": [ -78.4906, -0.1739 ] } },
{ "type": "Feature", "properties": { "Name": "Aguirre Galería", "Tipos": "Espacios de artes visuales" }, "geometry": { "type": "Point", "coordinates": [ -78.37, -0.2207 ] } },
{ "type": "Feature", "properties": { "Name": "Pintarte", "Tipos": "Espacios de artes visuales" }, "geometry": { "type": "Point", "coordinates": [ -78.5091, -0.1103 ] } },
{ "type": "Feature", "properties": { "Name": "Nudo Street Art Gallery", "Tipos": "Espacios de artes visuales" }, "geometry": { "type": "Point", "coordinates": [ -78.4829, -0.2086 ] } },
{ "type": "Feature", "properties": { "Name": "Genial Galería de Arte de Rosy Revelo", "Tipos": "Espacios de artes visuales" }, "geometry": { "type": "Point", "coordinates": [ -78.4814, -0.2085 ] } },
{ "type": "Feature", "properties": { "Name": "Galeria Artesanal Mitad del Mundo", "Tipos": "Espacios de artes visuales" }, "geometry": { "type": "Point", "coordinates": [ -78.4956, -0.2068 ] } },
{ "type": "Feature", "properties": { "Name": "Toro Art Studio", "Tipos": "Espacios de artes visuales" }, "geometry": { "type": "Point", "coordinates": [ -78.4478, -0.1884 ] } },
{ "type": "Feature", "properties": { "Name": "Carlos Neyra Galería Taller Serigráfico", "Tipos": "Espacios de artes visuales" }, "geometry": { "type": "Point", "coordinates": [ -78.4737, -0.1508 ] } },
{ "type": "Feature", "properties": { "Name": "Galería Salvador", "Tipos": "Espacios de artes visuales" }, "geometry": { "type": "Point", "coordinates": [ -78.5051, -0.1038 ] } },
{ "type": "Feature", "properties": { "Name": "Arte & Marquetería", "Tipos": "Espacios de artes visuales" }, "geometry": { "type": "Point", "coordinates": [ -78.4912, -0.1597 ] } },
{ "type": "Feature", "properties": { "Name": "Café Galería ", "Tipos": "Espacios de artes visuales" }, "geometry": { "type": "Point", "coordinates": [ -78.5118, -0.2206 ] } },
{ "type": "Feature", "properties": { "Name": "Studio Ateller David Celi", "Tipos": "Espacios de artes visuales" }, "geometry": { "type": "Point", "coordinates": [ -78.5069, -0.2146 ] } },
{ "type": "Feature", "properties": { "Name": "Galería de Arte Moderno", "Tipos": "Espacios de artes visuales" }, "geometry": { "type": "Point", "coordinates": [ -78.5472, -0.2577 ] } },
{ "type": "Feature", "properties": { "Name": "Galería Café Don Pipo", "Tipos": "Espacios de artes visuales" }, "geometry": { "type": "Point", "coordinates": [ -78.4968, -0.1304 ] } },
{ "type": "Feature", "properties": { "Name": "Cielo de barro Maria Eugenia Fiallo", "Tipos": "Espacios de artes visuales" }, "geometry": { "type": "Point", "coordinates": [ -78.5045, -0.1141 ] } },
{ "type": "Feature", "properties": { "Name": "Imaginar Casa de Arte (sucursal Brasil)", "Tipos": "Espacios de artes visuales" }, "geometry": { "type": "Point", "coordinates": [ -78.4898, -0.1634 ] } },
{ "type": "Feature", "properties": { "Name": "GabrielArte Galería de Dibujo, Pintura y Arte ", "Tipos": "Espacios de artes visuales" }, "geometry": { "type": "Point", "coordinates": [ -78.539, -0.3045 ] } },
{ "type": "Feature", "properties": { "Name": "Casa Museo Galería Carolo Muñoz Cueva ", "Tipos": "Espacios de artes visuales" }, "geometry": { "type": "Point", "coordinates": [ -78.4766, -0.1588 ] } },
{ "type": "Feature", "properties": { "Name": "Galería Taller Escuela Quiteña", "Tipos": "Espacios de artes visuales" }, "geometry": { "type": "Point", "coordinates": [ -78.514, -0.2241 ] } },
{ "type": "Feature", "properties": { "Name": "Casa Piedra Galería de Arte", "Tipos": "Espacios de artes visuales" }, "geometry": { "type": "Point", "coordinates": [ -78.5095, -0.205 ] } },
{ "type": "Feature", "properties": { "Name": "Versatil - Galería de diseño independiente", "Tipos": "Espacios de artes visuales" }, "geometry": { "type": "Point", "coordinates": [ -78.4288, -0.2006 ] } },
{ "type": "Feature", "properties": { "Name": "Florarte", "Tipos": "Espacios de artes visuales" }, "geometry": { "type": "Point", "coordinates": [ -78.4344, -0.1883 ] } },
{ "type": "Feature", "properties": { "Name": "Pentasiete Art Studio", "Tipos": "Espacios de artes visuales" }, "geometry": { "type": "Point", "coordinates": [ -78.4285, -0.2055 ] } },
{ "type": "Feature", "properties": { "Name": "Elemento Academia", "Tipos": "Espacios de artes visuales" }, "geometry": { "type": "Point", "coordinates": [ -78.4674, -0.1357 ] } },
{ "type": "Feature", "properties": { "Name": "Bellas Artes Quito", "Tipos": "Espacios de artes visuales" }, "geometry": { "type": "Point", "coordinates": [ -78.4813, -0.1642 ] } },
{ "type": "Feature", "properties": { "Name": "Clases Arte Quito", "Tipos": "Espacios de artes visuales" }, "geometry": { "type": "Point", "coordinates": [ -78.4849, -0.2004 ] } },
{ "type": "Feature", "properties": { "Name": "Escuela de Arte Quiteño", "Tipos": "Espacios de artes visuales" }, "geometry": { "type": "Point", "coordinates": [ -78.5117, -0.2177 ] } },
{ "type": "Feature", "properties": { "Name": "Escuela de Pintura Clásica", "Tipos": "Espacios de artes visuales" }, "geometry": { "type": "Point", "coordinates": [ -78.4894, -0.1886 ] } },
{ "type": "Feature", "properties": { "Name": "Bluu Taller de Arte", "Tipos": "Espacios de artes visuales" }, "geometry": { "type": "Point", "coordinates": [ -78.4156, -0.2118 ] } },
{ "type": "Feature", "properties": { "Name": "Arte FX Quito", "Tipos": "Espacios de artes visuales" }, "geometry": { "type": "Point", "coordinates": [ -78.4878, -0.1183 ] } },
{ "type": "Feature", "properties": { "Name": "Artecla Galería Taller", "Tipos": "Espacios de artes visuales" }, "geometry": { "type": "Point", "coordinates": [ -78.37, -0.2206 ] } },
{ "type": "Feature", "properties": { "Name": "Instituto De Arte Moderno Libre", "Tipos": "Espacios de artes visuales" }, "geometry": { "type": "Point", "coordinates": [ -78.5129, -0.2211 ] } },
{ "type": "Feature", "properties": { "Name": "Escuela de Arte Mikaela Montenegro", "Tipos": "Espacios de artes visuales" }, "geometry": { "type": "Point", "coordinates": [ -78.4656, -0.278 ] } },
{ "type": "Feature", "properties": { "Name": "Centro Cultural de las Artes Quito", "Tipos": "Espacios de artes visuales" }, "geometry": { "type": "Point", "coordinates": [ -78.5149, -0.2199 ] } },
{ "type": "Feature", "properties": { "Name": "Migueprofe", "Tipos": "Espacios de artes visuales" }, "geometry": { "type": "Point", "coordinates": [ -78.4776, -0.1566 ] } },
{ "type": "Feature", "properties": { "Name": "PaRDeS Academia de Arte y Filosofía", "Tipos": "Espacios de artes visuales" }, "geometry": { "type": "Point", "coordinates": [ -78.4787, -0.1618 ] } },
{ "type": "Feature", "properties": { "Name": "MIEC Escuela de Arte, Diseño y Arquitectura", "Tipos": "Espacios de artes visuales" }, "geometry": { "type": "Point", "coordinates": [ -78.4818, -0.1752 ] } },
{ "type": "Feature", "properties": { "Name": "Galmor Taller de Arte y Manualidades", "Tipos": "Espacios de artes visuales" }, "geometry": { "type": "Point", "coordinates": [ -78.4835, -0.1981 ] } },
{ "type": "Feature", "properties": { "Name": "Redytus Escuela de Arte", "Tipos": "Espacios de artes visuales" }, "geometry": { "type": "Point", "coordinates": [ -78.4874, -0.2029 ] } },
{ "type": "Feature", "properties": { "Name": "Art Studio Ecuador", "Tipos": "Espacios de artes visuales" }, "geometry": { "type": "Point", "coordinates": [ -78.5001, -0.1035 ] } },
{ "type": "Feature", "properties": { "Name": "Show Kids Art School", "Tipos": "Espacios de artes visuales" }, "geometry": { "type": "Point", "coordinates": [ -78.5041, -0.1094 ] } },
{ "type": "Feature", "properties": { "Name": "Estudio de Arte Antiqua", "Tipos": "Espacios de artes visuales" }, "geometry": { "type": "Point", "coordinates": [ -78.5151, -0.2199 ] } },
{ "type": "Feature", "properties": { "Name": "Melody Estudio de Arte", "Tipos": "Espacios de artes visuales" }, "geometry": { "type": "Point", "coordinates": [ -78.5101, -0.2092 ] } },
{ "type": "Feature", "properties": { "Name": "Escuela de Dibujo Crido", "Tipos": "Espacios de artes visuales" }, "geometry": { "type": "Point", "coordinates": [ -78.4721, -0.1731 ] } },
{ "type": "Feature", "properties": { "Name": "Leonardo da Vinci Taller de Arte", "Tipos": "Espacios de artes visuales" }, "geometry": { "type": "Point", "coordinates": [ -78.4931, -0.1397 ] } },
{ "type": "Feature", "properties": { "Name": "Artisteca Semillero del Cambio", "Tipos": "Espacios de artes visuales" }, "geometry": { "type": "Point", "coordinates": [ -78.5095, -0.2186 ] } },
{ "type": "Feature", "properties": { "Name": "Taller de Pintura IDECAM", "Tipos": "Espacios de artes visuales" }, "geometry": { "type": "Point", "coordinates": [ -78.4812, -0.186 ] } },
{ "type": "Feature", "properties": { "Name": "Pincel Arte", "Tipos": "Espacios de artes visuales" }, "geometry": { "type": "Point", "coordinates": [ -78.4539, -0.0998 ] } },
{ "type": "Feature", "properties": { "Name": "El Naranjo Creativo", "Tipos": "Espacios de artes visuales" }, "geometry": { "type": "Point", "coordinates": [ -78.4765, -0.2936 ] } },
{ "type": "Feature", "properties": { "Name": "Escuela Taller Pinta Selva", "Tipos": "Espacios de artes visuales" }, "geometry": { "type": "Point", "coordinates": [ -78.5086, -0.225 ] } },
{ "type": "Feature", "properties": { "Name": "Krear Studio", "Tipos": "Espacios de artes visuales" }, "geometry": { "type": "Point", "coordinates": [ -78.5111, -0.2216 ] } },
{ "type": "Feature", "properties": { "Name": "Ochoymedio Ecuador", "Tipos": "Espacios Audiovisuales" }, "geometry": { "type": "Point", "coordinates": [ -78.4838, -0.2075 ] } },
{ "type": "Feature", "properties": { "Name": "Cinemateca Nacional del Ecuador", "Tipos": "Espacios Audiovisuales" }, "geometry": { "type": "Point", "coordinates": [ -78.4959, -0.2097 ] } },
{ "type": "Feature", "properties": { "Name": "Multicines (El Condado)", "Tipos": "Espacios Audiovisuales" }, "geometry": { "type": "Point", "coordinates": [ -78.4908, -0.1033 ] } },
{ "type": "Feature", "properties": { "Name": "Multicines (CCI)", "Tipos": "Espacios Audiovisuales" }, "geometry": { "type": "Point", "coordinates": [ -78.4854, -0.1777 ] } },
{ "type": "Feature", "properties": { "Name": "Multicines (El Recreo) ", "Tipos": "Espacios Audiovisuales" }, "geometry": { "type": "Point", "coordinates": [ -78.5236, -0.253 ] } },
{ "type": "Feature", "properties": { "Name": "Multicines (Scala Shopping)", "Tipos": "Espacios Audiovisuales" }, "geometry": { "type": "Point", "coordinates": [ -78.4258, -0.2076 ] } },
{ "type": "Feature", "properties": { "Name": "Cinemark (Plaza de Las Américas)", "Tipos": "Espacios Audiovisuales" }, "geometry": { "type": "Point", "coordinates": [ -78.4925, -0.1751 ] } },
{ "type": "Feature", "properties": { "Name": "Cinemark (Paseo San Francisco)", "Tipos": "Espacios Audiovisuales" }, "geometry": { "type": "Point", "coordinates": [ -78.4361, -0.1992 ] } },
{ "type": "Feature", "properties": { "Name": "Cinext (Portal Shopping)", "Tipos": "Espacios Audiovisuales" }, "geometry": { "type": "Point", "coordinates": [ -78.458, -0.108 ] } },
{ "type": "Feature", "properties": { "Name": "Supercines", "Tipos": "Espacios Audiovisuales" }, "geometry": { "type": "Point", "coordinates": [ -78.4786, -0.1796 ] } },
{ "type": "Feature", "properties": { "Name": "Supercines (Riocentro)", "Tipos": "Espacios Audiovisuales" }, "geometry": { "type": "Point", "coordinates": [ -78.4762, -0.1671 ] } },
{ "type": "Feature", "properties": { "Name": "Supercines (Quicentro Sur)", "Tipos": "Espacios Audiovisuales" }, "geometry": { "type": "Point", "coordinates": [ -78.5442, -0.2855 ] } },
{ "type": "Feature", "properties": { "Name": "Cineplex Bistro Bar", "Tipos": "Espacios Audiovisuales" }, "geometry": { "type": "Point", "coordinates": [ -78.4874, -0.2068 ] } },
{ "type": "Feature", "properties": { "Name": "Cineplex (Tumbaco)", "Tipos": "Espacios Audiovisuales" }, "geometry": { "type": "Point", "coordinates": [ -78.4158, -0.2122 ] } },
{ "type": "Feature", "properties": { "Name": "Eros Uio", "Tipos": "Espacios Audiovisuales" }, "geometry": { "type": "Point", "coordinates": [ -78.4973, -0.1984 ] } },
{ "type": "Feature", "properties": { "Name": "CarFlix Autocine", "Tipos": "Espacios Audiovisuales" }, "geometry": { "type": "Point", "coordinates": [ -78.4867, -0.1932 ] } },
{ "type": "Feature", "properties": { "Name": "Kino Garden", "Tipos": "Espacios Audiovisuales" }, "geometry": { "type": "Point", "coordinates": [ -78.4417, -0.2302 ] } },
{ "type": "Feature", "properties": { "Name": "La Parada Cine", "Tipos": "Espacios Audiovisuales" }, "geometry": { "type": "Point", "coordinates": [ -78.4326, -0.1679 ] } },
{ "type": "Feature", "properties": { "Name": "Quito Cine Camping", "Tipos": "Espacios Audiovisuales" }, "geometry": { "type": "Point", "coordinates": [ -78.4218, -0.3655 ] } },
{ "type": "Feature", "properties": { "Name": "Camping Cine Valle de los Chillos", "Tipos": "Espacios Audiovisuales" }, "geometry": { "type": "Point", "coordinates": [ -78.5001, -0.2919 ] } },
{ "type": "Feature", "properties": { "Name": "Sky Outdoor Cinema", "Tipos": "Espacios Audiovisuales" }, "geometry": { "type": "Point", "coordinates": [ -78.494, -0.2923 ] } },
{ "type": "Feature", "properties": { "Name": "LunaWasi Tipis", "Tipos": "Espacios Audiovisuales" }, "geometry": { "type": "Point", "coordinates": [ -78.519, -0.2247 ] } },
{ "type": "Feature", "properties": { "Name": "INCINE Tecnológico Universitario de Cine y Actuación", "Tipos": "Espacios Audiovisuales" }, "geometry": { "type": "Point", "coordinates": [ -78.4829, -0.2088 ] } },
{ "type": "Feature", "properties": { "Name": "Cine USFQ", "Tipos": "Espacios Audiovisuales" }, "geometry": { "type": "Point", "coordinates": [ -78.4362, -0.1966 ] } },
{ "type": "Feature", "properties": { "Name": "Galeria Artesanal Mitad del Mundo", "Tipos": "Espacios de diseños y artes plasticas" }, "geometry": { "type": "Point", "coordinates": [ -78.4956, -0.2068 ] } },
{ "type": "Feature", "properties": { "Name": "Olga Fisch Folklore", "Tipos": "Espacios de diseños y artes plasticas" }, "geometry": { "type": "Point", "coordinates": [ -78.4843, -0.2028 ] } },
{ "type": "Feature", "properties": { "Name": "La Imaginativa", "Tipos": "Espacios de diseños y artes plasticas" }, "geometry": { "type": "Point", "coordinates": [ -78.4834, -0.2059 ] } },
{ "type": "Feature", "properties": { "Name": "Centro Comercial Artesanal Quitus", "Tipos": "Espacios de diseños y artes plasticas" }, "geometry": { "type": "Point", "coordinates": [ -78.4993, -0.2031 ] } },
{ "type": "Feature", "properties": { "Name": "Mercado Artesanal La Mariscal", "Tipos": "Espacios de diseños y artes plasticas" }, "geometry": { "type": "Point", "coordinates": [ -78.4951, -0.2071 ] } },
{ "type": "Feature", "properties": { "Name": "Bazar De Artesanía China", "Tipos": "Espacios de diseños y artes plasticas" }, "geometry": { "type": "Point", "coordinates": [ -78.4761, -0.1735 ] } },
{ "type": "Feature", "properties": { "Name": "Artesanías Emily", "Tipos": "Espacios de diseños y artes plasticas" }, "geometry": { "type": "Point", "coordinates": [ -78.5127, -0.2173 ] } },
{ "type": "Feature", "properties": { "Name": "Pimkay", "Tipos": "Espacios de diseños y artes plasticas" }, "geometry": { "type": "Point", "coordinates": [ -78.4934, -0.2049 ] } },
{ "type": "Feature", "properties": { "Name": "Artesanías Totora Marka", "Tipos": "Espacios de diseños y artes plasticas" }, "geometry": { "type": "Point", "coordinates": [ -78.5255, -0.3142 ] } },
{ "type": "Feature", "properties": { "Name": "Artesanías Pozo", "Tipos": "Espacios de diseños y artes plasticas" }, "geometry": { "type": "Point", "coordinates": [ -78.5146, -0.2161 ] } },
{ "type": "Feature", "properties": { "Name": "Tienda Artesanal del Centro Histórico", "Tipos": "Espacios de diseños y artes plasticas" }, "geometry": { "type": "Point", "coordinates": [ -78.5113, -0.2184 ] } },
{ "type": "Feature", "properties": { "Name": "El Quinde ", "Tipos": "Espacios de diseños y artes plasticas" }, "geometry": { "type": "Point", "coordinates": [ -78.5118, -0.2207 ] } },
{ "type": "Feature", "properties": { "Name": "El Taller de lo Antiguo", "Tipos": "Espacios de diseños y artes plasticas" }, "geometry": { "type": "Point", "coordinates": [ -78.5061, -0.2282 ] } },
{ "type": "Feature", "properties": { "Name": "Taller Arte Café", "Tipos": "Espacios de diseños y artes plasticas" }, "geometry": { "type": "Point", "coordinates": [ -78.4935, -0.2049 ] } },
{ "type": "Feature", "properties": { "Name": "San José Giuseppe Escultura Studio", "Tipos": "Espacios de diseños y artes plasticas" }, "geometry": { "type": "Point", "coordinates": [ -78.5247, -0.2405 ] } },
{ "type": "Feature", "properties": { "Name": "Taller de Arte Sangurima", "Tipos": "Espacios de diseños y artes plasticas" }, "geometry": { "type": "Point", "coordinates": [ -78.5095, -0.2225 ] } },
{ "type": "Feature", "properties": { "Name": "Taller de Arte Moderno", "Tipos": "Espacios de diseños y artes plasticas" }, "geometry": { "type": "Point", "coordinates": [ -78.5096, -0.2148 ] } },
{ "type": "Feature", "properties": { "Name": "La Beata Café Taller", "Tipos": "Espacios de diseños y artes plasticas" }, "geometry": { "type": "Point", "coordinates": [ -78.5123, -0.2249 ] } },
{ "type": "Feature", "properties": { "Name": "San Lucas Taller de Arte", "Tipos": "Espacios de diseños y artes plasticas" }, "geometry": { "type": "Point", "coordinates": [ -78.4991, -0.1391 ] } },
{ "type": "Feature", "properties": { "Name": "Terra Taller+Arte", "Tipos": "Espacios de diseños y artes plasticas" }, "geometry": { "type": "Point", "coordinates": [ -78.4953, -0.2128 ] } },
{ "type": "Feature", "properties": { "Name": "Mel Art Taller de Arte", "Tipos": "Espacios de diseños y artes plasticas" }, "geometry": { "type": "Point", "coordinates": [ -78.4837, -0.2888 ] } },
{ "type": "Feature", "properties": { "Name": "Formas y Color Taller de Arte", "Tipos": "Espacios de diseños y artes plasticas" }, "geometry": { "type": "Point", "coordinates": [ -78.4856, -0.2147 ] } },
{ "type": "Feature", "properties": { "Name": "Taller de arte Joaquín Endara Ruiz", "Tipos": "Espacios de diseños y artes plasticas" }, "geometry": { "type": "Point", "coordinates": [ -78.4636, -0.155 ] } },
{ "type": "Feature", "properties": { "Name": "Taller de Escultura en Madera Pegaso", "Tipos": "Espacios de diseños y artes plasticas" }, "geometry": { "type": "Point", "coordinates": [ -78.4947, -0.2012 ] } },
{ "type": "Feature", "properties": { "Name": "Talleres Cristo Rey", "Tipos": "Espacios de diseños y artes plasticas" }, "geometry": { "type": "Point", "coordinates": [ -78.4846, -0.2353 ] } },
{ "type": "Feature", "properties": { "Name": "Danilo Zamora Taller de Escultura", "Tipos": "Espacios de diseños y artes plasticas" }, "geometry": { "type": "Point", "coordinates": [ -78.3997, -0.2035 ] } },
{ "type": "Feature", "properties": { "Name": "Taller San José", "Tipos": "Espacios de diseños y artes plasticas" }, "geometry": { "type": "Point", "coordinates": [ -78.5231, -0.2401 ] } },
{ "type": "Feature", "properties": { "Name": "Escultura en Bronce", "Tipos": "Espacios de diseños y artes plasticas" }, "geometry": { "type": "Point", "coordinates": [ -78.529, -0.2308 ] } },
{ "type": "Feature", "properties": { "Name": "Taller El Laberinto", "Tipos": "Espacios de diseños y artes plasticas" }, "geometry": { "type": "Point", "coordinates": [ -78.4698, -0.1888 ] } },
{ "type": "Feature", "properties": { "Name": "Taller De Arte Omar Espinosa", "Tipos": "Espacios de diseños y artes plasticas" }, "geometry": { "type": "Point", "coordinates": [ -78.5562, -0.2647 ] } },
{ "type": "Feature", "properties": { "Name": "Mano3 Títeres y Marionetas", "Tipos": "Espacios de diseños y artes plasticas" }, "geometry": { "type": "Point", "coordinates": [ -78.5106, -0.2388 ] } },
{ "type": "Feature", "properties": { "Name": "Pacarina Taller de Grabado", "Tipos": "Espacios de diseños y artes plasticas" }, "geometry": { "type": "Point", "coordinates": [ -78.4458, -0.2068 ] } },
{ "type": "Feature", "properties": { "Name": "El Farol Café Libro", "Tipos": "Espacios editoriales y literaris" }, "geometry": { "type": "Point", "coordinates": [ -78.51, -0.2155 ] } },
{ "type": "Feature", "properties": { "Name": "Tres Gatos Cafetería Librería", "Tipos": "Espacios editoriales y literaris" }, "geometry": { "type": "Point", "coordinates": [ -78.4905, -0.2068 ] } },
{ "type": "Feature", "properties": { "Name": "Facultad de Comunicación, Lingüística y Literatura PUCE", "Tipos": "Espacios editoriales y literaris" }, "geometry": { "type": "Point", "coordinates": [ -78.4908, -0.2088 ] } },
{ "type": "Feature", "properties": { "Name": "Facultad de Filosofía, Letras y Ciencias de la Educación UCE", "Tipos": "Espacios editoriales y literaris" }, "geometry": { "type": "Point", "coordinates": [ -78.5023, -0.1988 ] } },
{ "type": "Feature", "properties": { "Name": "Colegio de Ciencias Sociales y Humanidades USFQ", "Tipos": "Espacios editoriales y literaris" }, "geometry": { "type": "Point", "coordinates": [ -78.4357, -0.1969 ] } },
{ "type": "Feature", "properties": { "Name": "Área de Letras y Estudios Culturales Universidad Andina Simón Bolívar", "Tipos": "Espacios editoriales y literaris" }, "geometry": { "type": "Point", "coordinates": [ -78.4878, -0.2115 ] } },
{ "type": "Feature", "properties": { "Name": "Universidad Internacional de La Rioja en Ecuador", "Tipos": "Espacios editoriales y literaris" }, "geometry": { "type": "Point", "coordinates": [ -78.4848, -0.1939 ] } },
{ "type": "Feature", "properties": { "Name": "Academia Ecuatoriana de la Lengua", "Tipos": "Espacios editoriales y literaris" }, "geometry": { "type": "Point", "coordinates": [ -78.514, -0.219 ] } },
{ "type": "Feature", "properties": { "Name": "Kafka Escuela de Escritores", "Tipos": "Espacios editoriales y literaris" }, "geometry": { "type": "Point", "coordinates": [ -78.5008, -0.204 ] } },
{ "type": "Feature", "properties": { "Name": "Tinta Sombra Literatura e Ilustración", "Tipos": "Espacios editoriales y literaris" }, "geometry": { "type": "Point", "coordinates": [ -78.4934, -0.2051 ] } },
{ "type": "Feature", "properties": { "Name": "El Oso Lector", "Tipos": "Espacios editoriales y literaris" }, "geometry": { "type": "Point", "coordinates": [ -78.4822, -0.2055 ] } },
{ "type": "Feature", "properties": { "Name": "Corredor Sur", "Tipos": "Espacios editoriales y literaris" }, "geometry": { "type": "Point", "coordinates": [ -78.4945, -0.2075 ] } },
{ "type": "Feature", "properties": { "Name": "Librería Rayuela Pop Up", "Tipos": "Espacios editoriales y literaris" }, "geometry": { "type": "Point", "coordinates": [ -78.4788, -0.1945 ] } },
{ "type": "Feature", "properties": { "Name": "Librería Anticuario Renacer Cultural", "Tipos": "Espacios editoriales y literaris" }, "geometry": { "type": "Point", "coordinates": [ -78.4772, -0.1756 ] } },
{ "type": "Feature", "properties": { "Name": "Librería Anticuario Renacer Cultural (Sucursal)", "Tipos": "Espacios editoriales y literaris" }, "geometry": { "type": "Point", "coordinates": [ -78.477, -0.1744 ] } },
{ "type": "Feature", "properties": { "Name": "Librería Rayuela", "Tipos": "Espacios editoriales y literaris" }, "geometry": { "type": "Point", "coordinates": [ -78.4759, -0.1799 ] } },
{ "type": "Feature", "properties": { "Name": "Librería Clásica y Moderna", "Tipos": "Espacios editoriales y literaris" }, "geometry": { "type": "Point", "coordinates": [ -78.415, -0.2111 ] } },
{ "type": "Feature", "properties": { "Name": "El Come Libros", "Tipos": "Espacios editoriales y literaris" }, "geometry": { "type": "Point", "coordinates": [ -78.4991, -0.1963 ] } },
{ "type": "Feature", "properties": { "Name": "Librería Studium", "Tipos": "Espacios editoriales y literaris" }, "geometry": { "type": "Point", "coordinates": [ -78.4827, -0.1878 ] } },
{ "type": "Feature", "properties": { "Name": "Cevallos Librería Jurídica - Matriz", "Tipos": "Espacios editoriales y literaris" }, "geometry": { "type": "Point", "coordinates": [ -78.4913, -0.2076 ] } },
{ "type": "Feature", "properties": { "Name": "Cevallos Librería Jurídica", "Tipos": "Espacios editoriales y literaris" }, "geometry": { "type": "Point", "coordinates": [ -78.5003, -0.2121 ] } },
{ "type": "Feature", "properties": { "Name": "Librería Jurídica O.N.I.", "Tipos": "Espacios editoriales y literaris" }, "geometry": { "type": "Point", "coordinates": [ -78.4856, -0.1725 ] } },
{ "type": "Feature", "properties": { "Name": "Tecni Mundo Libro", "Tipos": "Espacios editoriales y literaris" }, "geometry": { "type": "Point", "coordinates": [ -78.5012, -0.2043 ] } },
{ "type": "Feature", "properties": { "Name": "Librería y Judaica Bet Iosef", "Tipos": "Espacios editoriales y literaris" }, "geometry": { "type": "Point", "coordinates": [ -78.4749, -0.1416 ] } },
{ "type": "Feature", "properties": { "Name": "Vidalibros Ecuador", "Tipos": "Espacios editoriales y literaris" }, "geometry": { "type": "Point", "coordinates": [ -78.4886, -0.1777 ] } },
{ "type": "Feature", "properties": { "Name": "CVN Distribuciones Librería", "Tipos": "Espacios editoriales y literaris" }, "geometry": { "type": "Point", "coordinates": [ -78.4886, -0.1777 ] } },
{ "type": "Feature", "properties": { "Name": "Librería Católica Latinoamericana", "Tipos": "Espacios editoriales y literaris" }, "geometry": { "type": "Point", "coordinates": [ -78.4993, -0.1952 ] } },
{ "type": "Feature", "properties": { "Name": "El Gran Libro Jurídico", "Tipos": "Espacios editoriales y literaris" }, "geometry": { "type": "Point", "coordinates": [ -78.4854, -0.1702 ] } },
{ "type": "Feature", "properties": { "Name": "Librería Católica El Vaticano", "Tipos": "Espacios editoriales y literaris" }, "geometry": { "type": "Point", "coordinates": [ -78.5014, -0.1972 ] } },
{ "type": "Feature", "properties": { "Name": "Medilibro Librería Médica ", "Tipos": "Espacios editoriales y literaris" }, "geometry": { "type": "Point", "coordinates": [ -78.4934, -0.188 ] } },
{ "type": "Feature", "properties": { "Name": "Él Librería Cristiana", "Tipos": "Espacios editoriales y literaris" }, "geometry": { "type": "Point", "coordinates": [ -78.4033, -0.2116 ] } },
{ "type": "Feature", "properties": { "Name": "Apostolado Bíblico Ecuador", "Tipos": "Espacios editoriales y literaris" }, "geometry": { "type": "Point", "coordinates": [ -78.4882, -0.1181 ] } },
{ "type": "Feature", "properties": { "Name": "GJE Comics Store", "Tipos": "Espacios editoriales y literaris" }, "geometry": { "type": "Point", "coordinates": [ -78.5513, -0.2809 ] } },
{ "type": "Feature", "properties": { "Name": "Librería y Papelería La Castellana", "Tipos": "Espacios editoriales y literaris" }, "geometry": { "type": "Point", "coordinates": [ -78.4905, -0.208 ] } },
{ "type": "Feature", "properties": { "Name": "Librería Cristiana", "Tipos": "Espacios editoriales y literaris" }, "geometry": { "type": "Point", "coordinates": [ -78.5141, -0.2223 ] } },
{ "type": "Feature", "properties": { "Name": "Librería y Papelería Popular (Centro)", "Tipos": "Espacios editoriales y literaris" }, "geometry": { "type": "Point", "coordinates": [ -78.5146, -0.2222 ] } },
{ "type": "Feature", "properties": { "Name": "Librería CLC Quito", "Tipos": "Espacios editoriales y literaris" }, "geometry": { "type": "Point", "coordinates": [ -78.4869, -0.164 ] } },
{ "type": "Feature", "properties": { "Name": "Librería Nuevo Tiempo", "Tipos": "Espacios editoriales y literaris" }, "geometry": { "type": "Point", "coordinates": [ -78.4943, -0.1855 ] } },
{ "type": "Feature", "properties": { "Name": "El Búho Librería", "Tipos": "Espacios editoriales y literaris" }, "geometry": { "type": "Point", "coordinates": [ -78.4408, -0.1825 ] } },
{ "type": "Feature", "properties": { "Name": "La Librería de la Foch", "Tipos": "Espacios editoriales y literaris" }, "geometry": { "type": "Point", "coordinates": [ -78.4902, -0.2042 ] } },
{ "type": "Feature", "properties": { "Name": "Librería Realidades", "Tipos": "Espacios editoriales y literaris" }, "geometry": { "type": "Point", "coordinates": [ -78.4885, -0.1738 ] } },
{ "type": "Feature", "properties": { "Name": "Librería Espiritual Fundación Jesús de la Misericordia", "Tipos": "Espacios editoriales y literaris" }, "geometry": { "type": "Point", "coordinates": [ -78.4919, -0.1941 ] } },
{ "type": "Feature", "properties": { "Name": "Librería Susurros de Bendición", "Tipos": "Espacios editoriales y literaris" }, "geometry": { "type": "Point", "coordinates": [ -78.4976, -0.1628 ] } },
{ "type": "Feature", "properties": { "Name": "Edimeinter Librería Médica", "Tipos": "Espacios editoriales y literaris" }, "geometry": { "type": "Point", "coordinates": [ -78.5022, -0.1833 ] } },
{ "type": "Feature", "properties": { "Name": "Librería y Papelería Su Economía", "Tipos": "Espacios editoriales y literaris" }, "geometry": { "type": "Point", "coordinates": [ -78.5504, -0.3287 ] } },
{ "type": "Feature", "properties": { "Name": "Librería y Papelería Alejandra", "Tipos": "Espacios editoriales y literaris" }, "geometry": { "type": "Point", "coordinates": [ -78.55, -0.3352 ] } },
{ "type": "Feature", "properties": { "Name": "Dissanty Papelería y Librería", "Tipos": "Espacios editoriales y literaris" }, "geometry": { "type": "Point", "coordinates": [ -78.4942, -0.1167 ] } },
{ "type": "Feature", "properties": { "Name": "Imagina Librería y Papelería", "Tipos": "Espacios editoriales y literaris" }, "geometry": { "type": "Point", "coordinates": [ -78.5271, -0.2663 ] } },
{ "type": "Feature", "properties": { "Name": "Papelería y Librería Chelita", "Tipos": "Espacios editoriales y literaris" }, "geometry": { "type": "Point", "coordinates": [ -78.4529, -0.0941 ] } },
{ "type": "Feature", "properties": { "Name": "Papelería y Librería Chelita", "Tipos": "Espacios editoriales y literaris" }, "geometry": { "type": "Point", "coordinates": [ -78.4332, -0.0642 ] } },
{ "type": "Feature", "properties": { "Name": "Librería Cristiana Encuentro", "Tipos": "Espacios editoriales y literaris" }, "geometry": { "type": "Point", "coordinates": [ -78.5276, -0.2486 ] } },
{ "type": "Feature", "properties": { "Name": "Mega Librería y Papelería Popular Tumbaco", "Tipos": "Espacios editoriales y literaris" }, "geometry": { "type": "Point", "coordinates": [ -78.4075, -0.2134 ] } },
{ "type": "Feature", "properties": { "Name": "C&L Librería", "Tipos": "Espacios editoriales y literaris" }, "geometry": { "type": "Point", "coordinates": [ -78.5345, -0.2565 ] } },
{ "type": "Feature", "properties": { "Name": "El CucoCuento", "Tipos": "Espacios editoriales y literaris" }, "geometry": { "type": "Point", "coordinates": [ -78.4882, -0.2482 ] } },
{ "type": "Feature", "properties": { "Name": "Librería La Prensa Católica", "Tipos": "Espacios editoriales y literaris" }, "geometry": { "type": "Point", "coordinates": [ -78.5132, -0.2217 ] } },
{ "type": "Feature", "properties": { "Name": "El Girón Papelería, Librería y Bazar", "Tipos": "Espacios editoriales y literaris" }, "geometry": { "type": "Point", "coordinates": [ -78.4894, -0.2073 ] } },
{ "type": "Feature", "properties": { "Name": "Cronopios Librería", "Tipos": "Espacios editoriales y literaris" }, "geometry": { "type": "Point", "coordinates": [ -78.4892, -0.2843 ] } },
{ "type": "Feature", "properties": { "Name": "Learning Bestseller Librería", "Tipos": "Espacios editoriales y literaris" }, "geometry": { "type": "Point", "coordinates": [ -78.4942, -0.202 ] } },
{ "type": "Feature", "properties": { "Name": "Librería El Belén", "Tipos": "Espacios editoriales y literaris" }, "geometry": { "type": "Point", "coordinates": [ -78.5013, -0.2135 ] } },
{ "type": "Feature", "properties": { "Name": "Librería Nacional (Filatelia, Numismática)", "Tipos": "Espacios editoriales y literaris" }, "geometry": { "type": "Point", "coordinates": [ -78.5111, -0.2183 ] } },
{ "type": "Feature", "properties": { "Name": "Librería Silvanita", "Tipos": "Espacios editoriales y literaris" }, "geometry": { "type": "Point", "coordinates": [ -78.5071, -0.217 ] } },
{ "type": "Feature", "properties": { "Name": "Librería y Papelería Popular", "Tipos": "Espacios editoriales y literaris" }, "geometry": { "type": "Point", "coordinates": [ -78.5307, -0.2398 ] } },
{ "type": "Feature", "properties": { "Name": "Librería El Cazador De Historias", "Tipos": "Espacios editoriales y literaris" }, "geometry": { "type": "Point", "coordinates": [ -78.5199, -0.2432 ] } },
{ "type": "Feature", "properties": { "Name": "Librería Oshe", "Tipos": "Espacios editoriales y literaris" }, "geometry": { "type": "Point", "coordinates": [ -78.4659, -0.2773 ] } },
{ "type": "Feature", "properties": { "Name": "Librería Progreso", "Tipos": "Espacios editoriales y literaris" }, "geometry": { "type": "Point", "coordinates": [ -78.5069, -0.2178 ] } },
{ "type": "Feature", "properties": { "Name": "Librería Mr.Books Scala Shopping", "Tipos": "Espacios editoriales y literaris" }, "geometry": { "type": "Point", "coordinates": [ -78.4263, -0.2072 ] } },
{ "type": "Feature", "properties": { "Name": "Huiñai Librería", "Tipos": "Espacios editoriales y literaris" }, "geometry": { "type": "Point", "coordinates": [ -78.5155, -0.2234 ] } },
{ "type": "Feature", "properties": { "Name": "Librería Dios Es Fiel Libros que Inspiran Vidas", "Tipos": "Espacios editoriales y literaris" }, "geometry": { "type": "Point", "coordinates": [ -78.4425, -0.0919 ] } },
{ "type": "Feature", "properties": { "Name": "Esperanza de Vida Librería", "Tipos": "Espacios editoriales y literaris" }, "geometry": { "type": "Point", "coordinates": [ -78.4948, -0.1809 ] } },
{ "type": "Feature", "properties": { "Name": "Librería Stela", "Tipos": "Espacios editoriales y literaris" }, "geometry": { "type": "Point", "coordinates": [ -78.5059, -0.2164 ] } },
{ "type": "Feature", "properties": { "Name": "Fondo de Cultura Económica", "Tipos": "Espacios editoriales y literaris" }, "geometry": { "type": "Point", "coordinates": [ -78.4859, -0.201 ] } },
{ "type": "Feature", "properties": { "Name": "Servicio Educacional Hogar y Salud Librería Cristiana", "Tipos": "Espacios editoriales y literaris" }, "geometry": { "type": "Point", "coordinates": [ -78.4944, -0.1856 ] } },
{ "type": "Feature", "properties": { "Name": "Offimarket Librería ", "Tipos": "Espacios editoriales y literaris" }, "geometry": { "type": "Point", "coordinates": [ -78.522, -0.2473 ] } },
{ "type": "Feature", "properties": { "Name": "Bíblica Librería", "Tipos": "Espacios editoriales y literaris" }, "geometry": { "type": "Point", "coordinates": [ -78.4787, -0.162 ] } },
{ "type": "Feature", "properties": { "Name": "Giving Tree Books", "Tipos": "Espacios editoriales y literaris" }, "geometry": { "type": "Point", "coordinates": [ -78.4373, -0.2043 ] } },
{ "type": "Feature", "properties": { "Name": "Librería y Papelería Punto Papel", "Tipos": "Espacios editoriales y literaris" }, "geometry": { "type": "Point", "coordinates": [ -78.5475, -0.2697 ] } },
{ "type": "Feature", "properties": { "Name": "Librería Científica Cotocollao", "Tipos": "Espacios editoriales y literaris" }, "geometry": { "type": "Point", "coordinates": [ -78.4964, -0.1147 ] } },
{ "type": "Feature", "properties": { "Name": "Librería La Cultura", "Tipos": "Espacios editoriales y literaris" }, "geometry": { "type": "Point", "coordinates": [ -78.4958, -0.115 ] } },
{ "type": "Feature", "properties": { "Name": "Comisariato del Libro", "Tipos": "Espacios editoriales y literaris" }, "geometry": { "type": "Point", "coordinates": [ -78.4943, -0.1299 ] } },
{ "type": "Feature", "properties": { "Name": "Librería y Papelería La Prensa", "Tipos": "Espacios editoriales y literaris" }, "geometry": { "type": "Point", "coordinates": [ -78.4942, -0.1331 ] } },
{ "type": "Feature", "properties": { "Name": "Librería y Papelería Ciencia", "Tipos": "Espacios editoriales y literaris" }, "geometry": { "type": "Point", "coordinates": [ -78.4873, -0.1309 ] } },
{ "type": "Feature", "properties": { "Name": "Servi Books", "Tipos": "Espacios editoriales y literaris" }, "geometry": { "type": "Point", "coordinates": [ -78.4826, -0.167 ] } },
{ "type": "Feature", "properties": { "Name": "Albán Librería", "Tipos": "Espacios editoriales y literaris" }, "geometry": { "type": "Point", "coordinates": [ -78.4872, -0.1341 ] } },
{ "type": "Feature", "properties": { "Name": "Librería Jurídica", "Tipos": "Espacios editoriales y literaris" }, "geometry": { "type": "Point", "coordinates": [ -78.5433, -0.2911 ] } },
{ "type": "Feature", "properties": { "Name": "Comelibros", "Tipos": "Espacios editoriales y literaris" }, "geometry": { "type": "Point", "coordinates": [ -78.4612, -0.0009 ] } },
{ "type": "Feature", "properties": { "Name": "Librería y Papelería D'papel", "Tipos": "Espacios editoriales y literaris" }, "geometry": { "type": "Point", "coordinates": [ -78.5144, -0.0007 ] } },
{ "type": "Feature", "properties": { "Name": "Librería y Papelería", "Tipos": "Espacios editoriales y literaris" }, "geometry": { "type": "Point", "coordinates": [ -78.3385, -0.2264 ] } },
{ "type": "Feature", "properties": { "Name": "Libros Didácticos", "Tipos": "Espacios editoriales y literaris" }, "geometry": { "type": "Point", "coordinates": [ -78.4954, -0.1054 ] } },
{ "type": "Feature", "properties": { "Name": "Librería y Papelería Mundo Educativo", "Tipos": "Espacios editoriales y literaris" }, "geometry": { "type": "Point", "coordinates": [ -78.5375, -0.2875 ] } },
{ "type": "Feature", "properties": { "Name": "Mr. Books (Oficinas)", "Tipos": "Espacios editoriales y literaris" }, "geometry": { "type": "Point", "coordinates": [ -78.4687, -0.139 ] } },
{ "type": "Feature", "properties": { "Name": "Librería Mr.Books Condado Shopping", "Tipos": "Espacios editoriales y literaris" }, "geometry": { "type": "Point", "coordinates": [ -78.4896, -0.1029 ] } },
{ "type": "Feature", "properties": { "Name": "Librería Mr. Books Mall El Jardín", "Tipos": "Espacios editoriales y literaris" }, "geometry": { "type": "Point", "coordinates": [ -78.4872, -0.1893 ] } },
{ "type": "Feature", "properties": { "Name": "Mercado de Libros", "Tipos": "Espacios editoriales y literaris" }, "geometry": { "type": "Point", "coordinates": [ -78.4155, -0.211 ] } },
{ "type": "Feature", "properties": { "Name": "Librería ", "Tipos": "Espacios editoriales y literaris" }, "geometry": { "type": "Point", "coordinates": [ -78.5023, -0.2097 ] } },
{ "type": "Feature", "properties": { "Name": "Librería (Parque Gral. Julio Andrade)", "Tipos": "Espacios editoriales y literaris" }, "geometry": { "type": "Point", "coordinates": [ -78.4966, -0.2017 ] } },
{ "type": "Feature", "properties": { "Name": "Más que pelotas Librería", "Tipos": "Espacios editoriales y literaris" }, "geometry": { "type": "Point", "coordinates": [ -78.4764, -0.1397 ] } },
{ "type": "Feature", "properties": { "Name": "Librería Cultural ", "Tipos": "Espacios editoriales y literaris" }, "geometry": { "type": "Point", "coordinates": [ -78.4898, -0.1523 ] } },
{ "type": "Feature", "properties": { "Name": "Librería Conde Mosca", "Tipos": "Espacios editoriales y literaris" }, "geometry": { "type": "Point", "coordinates": [ -78.486, -0.1996 ] } },
{ "type": "Feature", "properties": { "Name": "Arácnido Lector Librería", "Tipos": "Espacios editoriales y literaris" }, "geometry": { "type": "Point", "coordinates": [ -78.5, -0.1927 ] } },
{ "type": "Feature", "properties": { "Name": "The Owl", "Tipos": "Espacios editoriales y literaris" }, "geometry": { "type": "Point", "coordinates": [ -78.4362, -0.1993 ] } },
{ "type": "Feature", "properties": { "Name": "Librería Española Matriz", "Tipos": "Espacios editoriales y literaris" }, "geometry": { "type": "Point", "coordinates": [ -78.4999, -0.2075 ] } },
{ "type": "Feature", "properties": { "Name": "Librería Española El Recreo", "Tipos": "Espacios editoriales y literaris" }, "geometry": { "type": "Point", "coordinates": [ -78.5229, -0.2523 ] } },
{ "type": "Feature", "properties": { "Name": "Librería Española CCI", "Tipos": "Espacios editoriales y literaris" }, "geometry": { "type": "Point", "coordinates": [ -78.4852, -0.1774 ] } },
{ "type": "Feature", "properties": { "Name": "Librería Española El Bosque", "Tipos": "Espacios editoriales y literaris" }, "geometry": { "type": "Point", "coordinates": [ -78.4969, -0.1623 ] } },
{ "type": "Feature", "properties": { "Name": "Librería Espiritual Rinconcito del Señor", "Tipos": "Espacios editoriales y literaris" }, "geometry": { "type": "Point", "coordinates": [ -78.3752, -0.2028 ] } },
{ "type": "Feature", "properties": { "Name": "Elyon Books", "Tipos": "Espacios editoriales y literaris" }, "geometry": { "type": "Point", "coordinates": [ -78.4977, -0.1627 ] } },
{ "type": "Feature", "properties": { "Name": "Kingbook Librería", "Tipos": "Espacios editoriales y literaris" }, "geometry": { "type": "Point", "coordinates": [ -78.532, -0.2489 ] } },
{ "type": "Feature", "properties": { "Name": "Cuenta.me Librería Infantil", "Tipos": "Espacios editoriales y literaris" }, "geometry": { "type": "Point", "coordinates": [ -78.4797, -0.1674 ] } },
{ "type": "Feature", "properties": { "Name": "Librería Autores Ecuatorianos ", "Tipos": "Espacios editoriales y literaris" }, "geometry": { "type": "Point", "coordinates": [ -78.5012, -0.2121 ] } },
{ "type": "Feature", "properties": { "Name": "Grupo Cultural Evolución", "Tipos": "Espacios editoriales y literaris" }, "geometry": { "type": "Point", "coordinates": [ -78.4995, -0.2034 ] } },
{ "type": "Feature", "properties": { "Name": "Mundibooks", "Tipos": "Espacios editoriales y literaris" }, "geometry": { "type": "Point", "coordinates": [ -78.5082, -0.2173 ] } },
{ "type": "Feature", "properties": { "Name": "Napoleón Librería (Sur)", "Tipos": "Espacios editoriales y literaris" }, "geometry": { "type": "Point", "coordinates": [ -78.5139, -0.2443 ] } },
{ "type": "Feature", "properties": { "Name": "Napoleón Librería (Norte)", "Tipos": "Espacios editoriales y literaris" }, "geometry": { "type": "Point", "coordinates": [ -78.4894, -0.15 ] } },
{ "type": "Feature", "properties": { "Name": "Librería Come Libros", "Tipos": "Espacios editoriales y literaris" }, "geometry": { "type": "Point", "coordinates": [ -78.4998, -0.2025 ] } },
{ "type": "Feature", "properties": { "Name": "La Casita del Libro", "Tipos": "Espacios editoriales y literaris" }, "geometry": { "type": "Point", "coordinates": [ -78.501, -0.2063 ] } },
{ "type": "Feature", "properties": { "Name": "Librería Cultural (Kennedy)", "Tipos": "Espacios editoriales y literaris" }, "geometry": { "type": "Point", "coordinates": [ -78.4739, -0.1413 ] } },
{ "type": "Feature", "properties": { "Name": "El Quijote Librería", "Tipos": "Espacios editoriales y literaris" }, "geometry": { "type": "Point", "coordinates": [ -78.4942, -0.1722 ] } },
{ "type": "Feature", "properties": { "Name": "MacroBooks", "Tipos": "Espacios editoriales y literaris" }, "geometry": { "type": "Point", "coordinates": [ -78.4981, -0.1942 ] } },
{ "type": "Feature", "properties": { "Name": "Libreria Paulinas", "Tipos": "Espacios editoriales y literaris" }, "geometry": { "type": "Point", "coordinates": [ -78.4953, -0.1942 ] } },
{ "type": "Feature", "properties": { "Name": "Lobolunar", "Tipos": "Espacios editoriales y literaris" }, "geometry": { "type": "Point", "coordinates": [ -78.4929, -0.1748 ] } },
{ "type": "Feature", "properties": { "Name": "Tolomeo Libros - Arte", "Tipos": "Espacios editoriales y literaris" }, "geometry": { "type": "Point", "coordinates": [ -78.4916, -0.2057 ] } },
{ "type": "Feature", "properties": { "Name": "La Libroteca", "Tipos": "Espacios editoriales y literaris" }, "geometry": { "type": "Point", "coordinates": [ -78.4982, -0.2059 ] } },
{ "type": "Feature", "properties": { "Name": "Livraria", "Tipos": "Espacios editoriales y literaris" }, "geometry": { "type": "Point", "coordinates": [ -78.474848736213289, -0.173277582720588 ] } },
{ "type": "Feature", "properties": { "Name": "Cedisa Libros", "Tipos": "Espacios editoriales y literaris" }, "geometry": { "type": "Point", "coordinates": [ -78.4983, -0.19 ] } },
{ "type": "Feature", "properties": { "Name": "Librería San Pablo ", "Tipos": "Espacios editoriales y literaris" }, "geometry": { "type": "Point", "coordinates": [ -78.497, -0.1906 ] } },
{ "type": "Feature", "properties": { "Name": "Tecnilibro", "Tipos": "Espacios editoriales y literaris" }, "geometry": { "type": "Point", "coordinates": [ -78.4991, -0.2066 ] } },
{ "type": "Feature", "properties": { "Name": "Librería La Luz", "Tipos": "Espacios editoriales y literaris" }, "geometry": { "type": "Point", "coordinates": [ -78.5101, -0.2182 ] } },
{ "type": "Feature", "properties": { "Name": "Librería Monserrat", "Tipos": "Espacios editoriales y literaris" }, "geometry": { "type": "Point", "coordinates": [ -78.4984, -0.2028 ] } },
{ "type": "Feature", "properties": { "Name": "Librería El Mundo del Libro ", "Tipos": "Espacios editoriales y literaris" }, "geometry": { "type": "Point", "coordinates": [ -78.4793, -0.1704 ] } },
{ "type": "Feature", "properties": { "Name": "Librería Codeu ", "Tipos": "Espacios editoriales y literaris" }, "geometry": { "type": "Point", "coordinates": [ -78.4983, -0.1901 ] } },
{ "type": "Feature", "properties": { "Name": "Librería y Papelería Tauru's", "Tipos": "Espacios editoriales y literaris" }, "geometry": { "type": "Point", "coordinates": [ -78.4958, -0.2062 ] } },
{ "type": "Feature", "properties": { "Name": "Librería Cosmonauta", "Tipos": "Espacios editoriales y literaris" }, "geometry": { "type": "Point", "coordinates": [ -78.4936, -0.2051 ] } },
{ "type": "Feature", "properties": { "Name": "Kosmos librería", "Tipos": "Espacios editoriales y literaris" }, "geometry": { "type": "Point", "coordinates": [ -78.4989, -0.1854 ] } },
{ "type": "Feature", "properties": { "Name": "Librería Tolstoi", "Tipos": "Espacios editoriales y literaris" }, "geometry": { "type": "Point", "coordinates": [ -78.491, -0.1914 ] } },
{ "type": "Feature", "properties": { "Name": "Libreria y Papelería Intercambio Cultural", "Tipos": "Espacios editoriales y literaris" }, "geometry": { "type": "Point", "coordinates": [ -78.4885, -0.1897 ] } },
{ "type": "Feature", "properties": { "Name": "Librería Librimundi (Quicentro Shopping)", "Tipos": "Espacios editoriales y literaris" }, "geometry": { "type": "Point", "coordinates": [ -78.4805, -0.1761 ] } },
{ "type": "Feature", "properties": { "Name": "Librería Papiros", "Tipos": "Espacios editoriales y literaris" }, "geometry": { "type": "Point", "coordinates": [ -78.4833, -0.1962 ] } },
{ "type": "Feature", "properties": { "Name": "Multilibro", "Tipos": "Espacios editoriales y literaris" }, "geometry": { "type": "Point", "coordinates": [ -78.4927, -0.2046 ] } },
{ "type": "Feature", "properties": { "Name": "Books & Bits", "Tipos": "Espacios editoriales y literaris" }, "geometry": { "type": "Point", "coordinates": [ -78.4923, -0.2061 ] } },
{ "type": "Feature", "properties": { "Name": "Librería El Libro en la Calle", "Tipos": "Espacios editoriales y literaris" }, "geometry": { "type": "Point", "coordinates": [ -78.4834, -0.1759 ] } },
{ "type": "Feature", "properties": { "Name": "Libros y Fronteras", "Tipos": "Espacios editoriales y literaris" }, "geometry": { "type": "Point", "coordinates": [ -78.4893, -0.2073 ] } },
{ "type": "Feature", "properties": { "Name": "Librería Cristiana Revelaciones", "Tipos": "Espacios editoriales y literaris" }, "geometry": { "type": "Point", "coordinates": [ -78.4286, -0.2066 ] } },
{ "type": "Feature", "properties": { "Name": "Confederate Books", "Tipos": "Espacios editoriales y literaris" }, "geometry": { "type": "Point", "coordinates": [ -78.4789, -0.1803 ] } },
{ "type": "Feature", "properties": { "Name": "Cogiler", "Tipos": "Espacios editoriales y literaris" }, "geometry": { "type": "Point", "coordinates": [ -78.4851, -0.1994 ] } },
{ "type": "Feature", "properties": { "Name": "Ulysses & Co. Librería", "Tipos": "Espacios editoriales y literaris" }, "geometry": { "type": "Point", "coordinates": [ -78.5116, -0.2154 ] } },
{ "type": "Feature", "properties": { "Name": "Tertulia Librería", "Tipos": "Espacios editoriales y literaris" }, "geometry": { "type": "Point", "coordinates": [ -78.4835, -0.2079 ] } },
{ "type": "Feature", "properties": { "Name": "Librería Española (Riocentro Shopping)", "Tipos": "Espacios editoriales y literaris" }, "geometry": { "type": "Point", "coordinates": [ -78.4761, -0.1664 ] } },
{ "type": "Feature", "properties": { "Name": "Librerías LNS", "Tipos": "Espacios editoriales y literaris" }, "geometry": { "type": "Point", "coordinates": [ -78.4893, -0.2076 ] } },
{ "type": "Feature", "properties": { "Name": "La Huella Latina", "Tipos": "Espacios editoriales y literaris" }, "geometry": { "type": "Point", "coordinates": [ -78.4861, -0.2044 ] } },
{ "type": "Feature", "properties": { "Name": "Librería La Cabaña", "Tipos": "Espacios editoriales y literaris" }, "geometry": { "type": "Point", "coordinates": [ -78.4861, -0.1766 ] } },
{ "type": "Feature", "properties": { "Name": "BS Books Librería", "Tipos": "Espacios editoriales y literaris" }, "geometry": { "type": "Point", "coordinates": [ -78.48, -0.1848 ] } },
{ "type": "Feature", "properties": { "Name": "Edimaster Librería", "Tipos": "Espacios editoriales y literaris" }, "geometry": { "type": "Point", "coordinates": [ -78.4852, -0.1994 ] } },
{ "type": "Feature", "properties": { "Name": "Librería Española (Centro Comercial La Esquina)", "Tipos": "Espacios editoriales y literaris" }, "geometry": { "type": "Point", "coordinates": [ -78.4311, -0.197 ] } },
{ "type": "Feature", "properties": { "Name": "The English Bookshop", "Tipos": "Espacios editoriales y literaris" }, "geometry": { "type": "Point", "coordinates": [ -78.5095, -0.2177 ] } },
{ "type": "Feature", "properties": { "Name": "Librería Arquidiocesana de Quito", "Tipos": "Espacios editoriales y literaris" }, "geometry": { "type": "Point", "coordinates": [ -78.5111, -0.2194 ] } },
{ "type": "Feature", "properties": { "Name": "Libros Tu Mundo", "Tipos": "Espacios editoriales y literaris" }, "geometry": { "type": "Point", "coordinates": [ -78.4919, -0.1971 ] } },
{ "type": "Feature", "properties": { "Name": "ABC Libros y Más", "Tipos": "Espacios editoriales y literaris" }, "geometry": { "type": "Point", "coordinates": [ -78.456, -0.1117 ] } },
{ "type": "Feature", "properties": { "Name": "Librería Rocinante", "Tipos": "Espacios editoriales y literaris" }, "geometry": { "type": "Point", "coordinates": [ -78.5026, -0.2093 ] } },
{ "type": "Feature", "properties": { "Name": "Bibliothek", "Tipos": "Espacios editoriales y literaris" }, "geometry": { "type": "Point", "coordinates": [ -78.5044, -0.2136 ] } },
{ "type": "Feature", "properties": { "Name": "Librería Selecta", "Tipos": "Espacios editoriales y literaris" }, "geometry": { "type": "Point", "coordinates": [ -78.507, -0.2179 ] } },
{ "type": "Feature", "properties": { "Name": "Kuku Libros", "Tipos": "Espacios editoriales y literaris" }, "geometry": { "type": "Point", "coordinates": [ -78.5099, -0.2181 ] } },
{ "type": "Feature", "properties": { "Name": "EL Farol Librería", "Tipos": "Espacios editoriales y literaris" }, "geometry": { "type": "Point", "coordinates": [ -78.516, -0.2218 ] } },
{ "type": "Feature", "properties": { "Name": "Rinoceronte Universo Cultural", "Tipos": "Espacios editoriales y literaris" }, "geometry": { "type": "Point", "coordinates": [ -78.5129, -0.2213 ] } },
{ "type": "Feature", "properties": { "Name": "La Librería Flacso Ecuador", "Tipos": "Espacios editoriales y literaris" }, "geometry": { "type": "Point", "coordinates": [ -78.4856, -0.196 ] } },
{ "type": "Feature", "properties": { "Name": "Grupo SM Ecuador", "Tipos": "Espacios editoriales y literaris" }, "geometry": { "type": "Point", "coordinates": [ -78.4893, -0.187 ] } },
{ "type": "Feature", "properties": { "Name": "Santillana S.A.", "Tipos": "Espacios editoriales y literaris" }, "geometry": { "type": "Point", "coordinates": [ -78.4631, -0.1588 ] } },
{ "type": "Feature", "properties": { "Name": "Lexus Editores Ecuador", "Tipos": "Espacios editoriales y literaris" }, "geometry": { "type": "Point", "coordinates": [ -78.4962, -0.1958 ] } },
{ "type": "Feature", "properties": { "Name": "Liberta Cartonera", "Tipos": "Espacios editoriales y literaris" }, "geometry": { "type": "Point", "coordinates": [ -78.4958, -0.1879 ] } },
{ "type": "Feature", "properties": { "Name": "Editorial Océano Ecuador", "Tipos": "Espacios editoriales y literaris" }, "geometry": { "type": "Point", "coordinates": [ -78.4713, -0.1053 ] } },
{ "type": "Feature", "properties": { "Name": "Edinun Ediciones Nacionales Unidas Matriz", "Tipos": "Espacios editoriales y literaris" }, "geometry": { "type": "Point", "coordinates": [ -78.4983, -0.1493 ] } },
{ "type": "Feature", "properties": { "Name": "Corporación Pedagógica Líderes ", "Tipos": "Espacios editoriales y literaris" }, "geometry": { "type": "Point", "coordinates": [ -78.5429, -0.2753 ] } },
{ "type": "Feature", "properties": { "Name": "Editorial Didáctica", "Tipos": "Espacios editoriales y literaris" }, "geometry": { "type": "Point", "coordinates": [ -78.494, -0.1763 ] } },
{ "type": "Feature", "properties": { "Name": "Editorial Abya Yala", "Tipos": "Espacios editoriales y literaris" }, "geometry": { "type": "Point", "coordinates": [ -78.4884, -0.2061 ] } },
{ "type": "Feature", "properties": { "Name": "Ediciones Quito", "Tipos": "Espacios editoriales y literaris" }, "geometry": { "type": "Point", "coordinates": [ -78.4861, -0.2859 ] } },
{ "type": "Feature", "properties": { "Name": "Productora de Libros Patito", "Tipos": "Espacios editoriales y literaris" }, "geometry": { "type": "Point", "coordinates": [ -78.4932, -0.1296 ] } },
{ "type": "Feature", "properties": { "Name": "Editorial Festina Lente", "Tipos": "Espacios editoriales y literaris" }, "geometry": { "type": "Point", "coordinates": [ -78.4824, -0.2125 ] } },
{ "type": "Feature", "properties": { "Name": "Ediciones PLM del Ecuador", "Tipos": "Espacios editoriales y literaris" }, "geometry": { "type": "Point", "coordinates": [ -78.4766, -0.1798 ] } },
{ "type": "Feature", "properties": { "Name": "Editorial Eskeletra", "Tipos": "Espacios editoriales y literaris" }, "geometry": { "type": "Point", "coordinates": [ -78.4916, -0.2086 ] } },
{ "type": "Feature", "properties": { "Name": "Letra Sabia Servicios Editoriales", "Tipos": "Espacios editoriales y literaris" }, "geometry": { "type": "Point", "coordinates": [ -78.4588, -0.2811 ] } },
{ "type": "Feature", "properties": { "Name": "Editorial El Conejo", "Tipos": "Espacios editoriales y literaris" }, "geometry": { "type": "Point", "coordinates": [ -78.4854, -0.2001 ] } },
{ "type": "Feature", "properties": { "Name": "El Fakir Ediciones", "Tipos": "Espacios editoriales y literaris" }, "geometry": { "type": "Point", "coordinates": [ -78.5099, -0.2191 ] } },
{ "type": "Feature", "properties": { "Name": "Editorial Pentalfa", "Tipos": "Espacios editoriales y literaris" }, "geometry": { "type": "Point", "coordinates": [ -78.5177, -0.244 ] } },
{ "type": "Feature", "properties": { "Name": "Edarsi Veta Ediciones", "Tipos": "Espacios editoriales y literaris" }, "geometry": { "type": "Point", "coordinates": [ -78.4998, -0.1951 ] } },
{ "type": "Feature", "properties": { "Name": "Editorial Libresa", "Tipos": "Espacios editoriales y literaris" }, "geometry": { "type": "Point", "coordinates": [ -78.4411, -0.1001 ] } },
{ "type": "Feature", "properties": { "Name": "Andarele Casa Editorial", "Tipos": "Espacios editoriales y literaris" }, "geometry": { "type": "Point", "coordinates": [ -78.5004, -0.1189 ] } },
{ "type": "Feature", "properties": { "Name": "Editorial Abc", "Tipos": "Espacios editoriales y literaris" }, "geometry": { "type": "Point", "coordinates": [ -78.5037, -0.2118 ] } },
{ "type": "Feature", "properties": { "Name": "Editorial Educatemas", "Tipos": "Espacios editoriales y literaris" }, "geometry": { "type": "Point", "coordinates": [ -78.4894, -0.1652 ] } },
{ "type": "Feature", "properties": { "Name": "Editorial Planeta del Ecuador", "Tipos": "Espacios editoriales y literaris" }, "geometry": { "type": "Point", "coordinates": [ -78.482, -0.2007 ] } },
{ "type": "Feature", "properties": { "Name": "Asociación Ecuatoriana de Editores de Libros de Texto", "Tipos": "Espacios editoriales y literaris" }, "geometry": { "type": "Point", "coordinates": [ -78.4926, -0.1941 ] } },
{ "type": "Feature", "properties": { "Name": "E-Books Editorial del Ecuador", "Tipos": "Espacios editoriales y literaris" }, "geometry": { "type": "Point", "coordinates": [ -78.4935, -0.185 ] } },
{ "type": "Feature", "properties": { "Name": "That Book Editorial", "Tipos": "Espacios editoriales y literaris" }, "geometry": { "type": "Point", "coordinates": [ -78.5678, -0.3096 ] } },
{ "type": "Feature", "properties": { "Name": "Editorial Fiel", "Tipos": "Espacios editoriales y literaris" }, "geometry": { "type": "Point", "coordinates": [ -78.4786, -0.1618 ] } },
{ "type": "Feature", "properties": { "Name": "Grupo Editorial Trébol", "Tipos": "Espacios editoriales y literaris" }, "geometry": { "type": "Point", "coordinates": [ -78.5044, -0.2147 ] } },
{ "type": "Feature", "properties": { "Name": "Atlas de Leo Editorial", "Tipos": "Espacios editoriales y literaris" }, "geometry": { "type": "Point", "coordinates": [ -78.4912, -0.1998 ] } },
{ "type": "Feature", "properties": { "Name": "Ediciones Edithor", "Tipos": "Espacios editoriales y literaris" }, "geometry": { "type": "Point", "coordinates": [ -78.5007, -0.2134 ] } },
{ "type": "Feature", "properties": { "Name": "Editorial Ecuador", "Tipos": "Espacios editoriales y literaris" }, "geometry": { "type": "Point", "coordinates": [ -78.5019, -0.2073 ] } },
{ "type": "Feature", "properties": { "Name": "Corporación de Estudios y Publicaciones", "Tipos": "Espacios editoriales y literaris" }, "geometry": { "type": "Point", "coordinates": [ -78.4932, -0.1935 ] } },
{ "type": "Feature", "properties": { "Name": "Girándula Asociación Ecuatoriana del Libro Infantil y Juvenil IBBY Ecuador", "Tipos": "Espacios editoriales y literaris" }, "geometry": { "type": "Point", "coordinates": [ -78.4789, -0.1873 ] } },
{ "type": "Feature", "properties": { "Name": "Zonacuario - Revista ¡elé! - Capitán Escudo", "Tipos": "Espacios editoriales y literaris" }, "geometry": { "type": "Point", "coordinates": [ -78.4803, -0.2056 ] } },
{ "type": "Feature", "properties": { "Name": "Publicaciones Casa de las Culturas", "Tipos": "Espacios editoriales y literaris" }, "geometry": { "type": "Point", "coordinates": [ -78.4957, -0.2096 ] } },
{ "type": "Feature", "properties": { "Name": "Centro Bíblico Verbo Divino", "Tipos": "Espacios editoriales y literaris" }, "geometry": { "type": "Point", "coordinates": [ -78.5104, -0.183 ] } },
{ "type": "Feature", "properties": { "Name": "Editorial Católica Sin Fronteras", "Tipos": "Espacios editoriales y literaris" }, "geometry": { "type": "Point", "coordinates": [ -78.4876, -0.1724 ] } },
{ "type": "Feature", "properties": { "Name": "Editorial Marvariable", "Tipos": "Espacios editoriales y literaris" }, "geometry": { "type": "Point", "coordinates": [ -78.4998, -0.1756 ] } },
{ "type": "Feature", "properties": { "Name": "Corporación Ediciones La Tierra", "Tipos": "Espacios editoriales y literaris" }, "geometry": { "type": "Point", "coordinates": [ -78.5042, -0.1867 ] } },
{ "type": "Feature", "properties": { "Name": "Corporación Editora Nacional", "Tipos": "Espacios editoriales y literaris" }, "geometry": { "type": "Point", "coordinates": [ -78.4922, -0.2079 ] } },
{ "type": "Feature", "properties": { "Name": "Campaña de Lectura Eugenio Espejo", "Tipos": "Espacios editoriales y literaris" }, "geometry": { "type": "Point", "coordinates": [ -78.4789, -0.1726 ] } },
{ "type": "Feature", "properties": { "Name": "Dinediciones S.A.", "Tipos": "Espacios editoriales y literaris" }, "geometry": { "type": "Point", "coordinates": [ -78.4829, -0.2021 ] } },
{ "type": "Feature", "properties": { "Name": "Edicumbre Editorial", "Tipos": "Espacios editoriales y literaris" }, "geometry": { "type": "Point", "coordinates": [ -78.4884, -0.1656 ] } },
{ "type": "Feature", "properties": { "Name": "Editorial Alectrión", "Tipos": "Espacios editoriales y literaris" }, "geometry": { "type": "Point", "coordinates": [ -78.4912, -0.1976 ] } },
{ "type": "Feature", "properties": { "Name": "Editorial Don Bosco", "Tipos": "Espacios editoriales y literaris" }, "geometry": { "type": "Point", "coordinates": [ -78.4893, -0.2077 ] } },
{ "type": "Feature", "properties": { "Name": "Editorial Mendieta", "Tipos": "Espacios editoriales y literaris" }, "geometry": { "type": "Point", "coordinates": [ -78.4849, -0.2087 ] } },
{ "type": "Feature", "properties": { "Name": "Old Continent Art Books", "Tipos": "Espacios editoriales y literaris" }, "geometry": { "type": "Point", "coordinates": [ -78.4812, -0.2066 ] } },
{ "type": "Feature", "properties": { "Name": "Severo Editorial", "Tipos": "Espacios editoriales y literaris" }, "geometry": { "type": "Point", "coordinates": [ -78.4787, -0.1808 ] } },
{ "type": "Feature", "properties": { "Name": "Grupo El Comercio", "Tipos": "Espacios editoriales y literaris" }, "geometry": { "type": "Point", "coordinates": [ -78.53, -0.271 ] } },
{ "type": "Feature", "properties": { "Name": "Manthra Editores", "Tipos": "Espacios editoriales y literaris" }, "geometry": { "type": "Point", "coordinates": [ -78.4805, -0.196 ] } },
{ "type": "Feature", "properties": { "Name": "Mawil Publicaciones Impresas y Digitales", "Tipos": "Espacios editoriales y literaris" }, "geometry": { "type": "Point", "coordinates": [ -78.4795, -0.0972 ] } },
{ "type": "Feature", "properties": { "Name": "El Ángel Editor", "Tipos": "Espacios editoriales y literaris" }, "geometry": { "type": "Point", "coordinates": [ -78.4873, -0.2029 ] } },
{ "type": "Feature", "properties": { "Name": "Pami Ediciones", "Tipos": "Espacios editoriales y literaris" }, "geometry": { "type": "Point", "coordinates": [ -78.5055, -0.2074 ] } },
{ "type": "Feature", "properties": { "Name": "Edyta Editores & Consultores", "Tipos": "Espacios editoriales y literaris" }, "geometry": { "type": "Point", "coordinates": [ -78.4964, -0.1796 ] } },
{ "type": "Feature", "properties": { "Name": "Paradiso Editores", "Tipos": "Espacios editoriales y literaris" }, "geometry": { "type": "Point", "coordinates": [ -78.4815, -0.1836 ] } },
{ "type": "Feature", "properties": { "Name": "Maya Ediciones", "Tipos": "Espacios editoriales y literaris" }, "geometry": { "type": "Point", "coordinates": [ -78.4738, -0.1411 ] } },
{ "type": "Feature", "properties": { "Name": "Editorial Turbina", "Tipos": "Espacios editoriales y literaris" }, "geometry": { "type": "Point", "coordinates": [ -78.4903, -0.2053 ] } },
{ "type": "Feature", "properties": { "Name": "Trama Ediciones", "Tipos": "Espacios editoriales y literaris" }, "geometry": { "type": "Point", "coordinates": [ -78.479, -0.1883 ] } },
{ "type": "Feature", "properties": { "Name": "Cambridge University Press", "Tipos": "Espacios editoriales y literaris" }, "geometry": { "type": "Point", "coordinates": [ -78.4661, -0.1653 ] } },
{ "type": "Feature", "properties": { "Name": "Universidad Politécnica Salesiana Ediciones", "Tipos": "Espacios editoriales y literaris" }, "geometry": { "type": "Point", "coordinates": [ -78.489, -0.2075 ] } },
{ "type": "Feature", "properties": { "Name": "UDLA Ediciones", "Tipos": "Espacios editoriales y literaris" }, "geometry": { "type": "Point", "coordinates": [ -78.4596, -0.163 ] } },
{ "type": "Feature", "properties": { "Name": "Editorial Flacso Ecuador", "Tipos": "Espacios editoriales y literaris" }, "geometry": { "type": "Point", "coordinates": [ -78.4857, -0.1962 ] } },
{ "type": "Feature", "properties": { "Name": "USFQ Press", "Tipos": "Espacios editoriales y literaris" }, "geometry": { "type": "Point", "coordinates": [ -78.4357, -0.1965 ] } },
{ "type": "Feature", "properties": { "Name": "Publicaciones UIDE", "Tipos": "Espacios editoriales y literaris" }, "geometry": { "type": "Point", "coordinates": [ -78.4698, -0.2449 ] } },
{ "type": "Feature", "properties": { "Name": "Dirección Editorial IAEN", "Tipos": "Espacios editoriales y literaris" }, "geometry": { "type": "Point", "coordinates": [ -78.4855, -0.1732 ] } },
{ "type": "Feature", "properties": { "Name": "Editorial Universidad Andina Simón Bolívar", "Tipos": "Espacios editoriales y literaris" }, "geometry": { "type": "Point", "coordinates": [ -78.4878, -0.2113 ] } },
{ "type": "Feature", "properties": { "Name": "Centro de Publicaciones PUCE", "Tipos": "Espacios editoriales y literaris" }, "geometry": { "type": "Point", "coordinates": [ -78.4917, -0.2094 ] } },
{ "type": "Feature", "properties": { "Name": "Editorial Universidad Israel", "Tipos": "Espacios editoriales y literaris" }, "geometry": { "type": "Point", "coordinates": [ -78.4922, -0.1972 ] } },
{ "type": "Feature", "properties": { "Name": "Editorial Universidad Tecnológica Equinoccial", "Tipos": "Espacios editoriales y literaris" }, "geometry": { "type": "Point", "coordinates": [ -78.4934, -0.1842 ] } },
{ "type": "Feature", "properties": { "Name": "Biblioteca Municipal Central Federico González Suárez", "Tipos": "Espacios editoriales y literaris" }, "geometry": { "type": "Point", "coordinates": [ -78.5133, -0.2205 ] } },
{ "type": "Feature", "properties": { "Name": "Biblioteca Municipal San Marcos", "Tipos": "Espacios editoriales y literaris" }, "geometry": { "type": "Point", "coordinates": [ -78.5087, -0.225 ] } },
{ "type": "Feature", "properties": { "Name": "Biblioteca Municipal Parque de Mayo", "Tipos": "Espacios editoriales y literaris" }, "geometry": { "type": "Point", "coordinates": [ -78.4974, -0.2096 ] } },
{ "type": "Feature", "properties": { "Name": "Biblioteca Municipal Calderón", "Tipos": "Espacios editoriales y literaris" }, "geometry": { "type": "Point", "coordinates": [ -78.4213, -0.1002 ] } },
{ "type": "Feature", "properties": { "Name": "Biblioteca Municipal Llano Grande", "Tipos": "Espacios editoriales y literaris" }, "geometry": { "type": "Point", "coordinates": [ -78.4323, -0.1189 ] } },
{ "type": "Feature", "properties": { "Name": "Biblioteca Municipal José Riofrío", "Tipos": "Espacios editoriales y literaris" }, "geometry": { "type": "Point", "coordinates": [ -78.3739, -0.3719 ] } },
{ "type": "Feature", "properties": { "Name": "Biblioteca Municipal Juan Montalvo", "Tipos": "Espacios editoriales y literaris" }, "geometry": { "type": "Point", "coordinates": [ -78.4051, -0.2122 ] } },
{ "type": "Feature", "properties": { "Name": "Andoteca (Cumbayá)", "Tipos": "Espacios editoriales y literaris" }, "geometry": { "type": "Point", "coordinates": [ -78.4247, -0.2024 ] } },
{ "type": "Feature", "properties": { "Name": "Andoteca (Guápulo)", "Tipos": "Espacios editoriales y literaris" }, "geometry": { "type": "Point", "coordinates": [ -78.4784, -0.2017 ] } },
{ "type": "Feature", "properties": { "Name": "Andotecas (Tandana)", "Tipos": "Espacios editoriales y literaris" }, "geometry": { "type": "Point", "coordinates": [ -78.4797, -0.2016 ] } },
{ "type": "Feature", "properties": { "Name": "Andoteca (La Concepción)", "Tipos": "Espacios editoriales y literaris" }, "geometry": { "type": "Point", "coordinates": [ -78.4899, -0.1554 ] } },
{ "type": "Feature", "properties": { "Name": "Andoteca (Isabel la Católica)", "Tipos": "Espacios editoriales y literaris" }, "geometry": { "type": "Point", "coordinates": [ -78.4856, -0.2065 ] } },
{ "type": "Feature", "properties": { "Name": "Andoteca (Francisco Andrade Marín)", "Tipos": "Espacios editoriales y literaris" }, "geometry": { "type": "Point", "coordinates": [ -78.4836, -0.1911 ] } },
{ "type": "Feature", "properties": { "Name": "Andoteca (Rumipamba)", "Tipos": "Espacios editoriales y literaris" }, "geometry": { "type": "Point", "coordinates": [ -78.4962, -0.1795 ] } },
{ "type": "Feature", "properties": { "Name": "Andoteca (República de El Salvador)", "Tipos": "Espacios editoriales y literaris" }, "geometry": { "type": "Point", "coordinates": [ -78.4807, -0.1845 ] } },
{ "type": "Feature", "properties": { "Name": "Andoteca (Café Roscón)", "Tipos": "Espacios editoriales y literaris" }, "geometry": { "type": "Point", "coordinates": [ -78.4809, -0.2115 ] } },
{ "type": "Feature", "properties": { "Name": "Andoteca (Bibliorecreo)", "Tipos": "Espacios editoriales y literaris" }, "geometry": { "type": "Point", "coordinates": [ -78.5216, -0.2505 ] } },
{ "type": "Feature", "properties": { "Name": "Andoteca (Cordero y Reina Victoria)", "Tipos": "Espacios editoriales y literaris" }, "geometry": { "type": "Point", "coordinates": [ -78.489, -0.2021 ] } },
{ "type": "Feature", "properties": { "Name": "Andoteca (La Coruña, El Oso Lector)", "Tipos": "Espacios editoriales y literaris" }, "geometry": { "type": "Point", "coordinates": [ -78.4821, -0.2056 ] } },
{ "type": "Feature", "properties": { "Name": "Biblioteca General PUCE", "Tipos": "Espacios editoriales y literaris" }, "geometry": { "type": "Point", "coordinates": [ -78.4909, -0.2097 ] } },
{ "type": "Feature", "properties": { "Name": "Biblioteca Corte Constitucional del Ecuador", "Tipos": "Espacios editoriales y literaris" }, "geometry": { "type": "Point", "coordinates": [ -78.4877, -0.2051 ] } },
{ "type": "Feature", "properties": { "Name": "Biblioteca Pública de la Casa de las Culturas Ecuatoriana", "Tipos": "Espacios editoriales y literaris" }, "geometry": { "type": "Point", "coordinates": [ -78.4954, -0.2104 ] } },
{ "type": "Feature", "properties": { "Name": "Casa Palabra Biblioteca", "Tipos": "Espacios editoriales y literaris" }, "geometry": { "type": "Point", "coordinates": [ -78.4855, -0.2067 ] } },
{ "type": "Feature", "properties": { "Name": "Biblioteca Instituto Nacional de Patrimonio Cultural (Palacio La Circasiana)", "Tipos": "Espacios editoriales y literaris" }, "geometry": { "type": "Point", "coordinates": [ -78.4969, -0.198 ] } },
{ "type": "Feature", "properties": { "Name": "Biblioteca Universidad Central del Ecuador", "Tipos": "Espacios editoriales y literaris" }, "geometry": { "type": "Point", "coordinates": [ -78.5058, -0.199 ] } },
{ "type": "Feature", "properties": { "Name": "Biblioteca Nacional del Ecuador Eugenio Espejo", "Tipos": "Espacios editoriales y literaris" }, "geometry": { "type": "Point", "coordinates": [ -78.4995, -0.2162 ] } },
{ "type": "Feature", "properties": { "Name": "Biblioteca Pablo Palacio", "Tipos": "Espacios editoriales y literaris" }, "geometry": { "type": "Point", "coordinates": [ -78.4868, -0.181 ] } },
{ "type": "Feature", "properties": { "Name": "Biblioteca Flacso", "Tipos": "Espacios editoriales y literaris" }, "geometry": { "type": "Point", "coordinates": [ -78.4868, -0.194 ] } },
{ "type": "Feature", "properties": { "Name": "Biblioteca Infantil Lupini", "Tipos": "Espacios editoriales y literaris" }, "geometry": { "type": "Point", "coordinates": [ -78.4734, -0.1876 ] } },
{ "type": "Feature", "properties": { "Name": "Biblioteca José Moncada IAEN", "Tipos": "Espacios editoriales y literaris" }, "geometry": { "type": "Point", "coordinates": [ -78.4843, -0.1746 ] } },
{ "type": "Feature", "properties": { "Name": "Biblioteca Económica Banco Central del Ecuador Tránsito Amaguaña", "Tipos": "Espacios editoriales y literaris" }, "geometry": { "type": "Point", "coordinates": [ -78.5046, -0.2158 ] } },
{ "type": "Feature", "properties": { "Name": "Biblioteca Inehpol", "Tipos": "Espacios editoriales y literaris" }, "geometry": { "type": "Point", "coordinates": [ -78.5146, -0.2195 ] } },
{ "type": "Feature", "properties": { "Name": "Biblioteca Central Archivo Historico", "Tipos": "Espacios editoriales y literaris" }, "geometry": { "type": "Point", "coordinates": [ -78.4964, -0.2032 ] } },
{ "type": "Feature", "properties": { "Name": "BiblioRecreo", "Tipos": "Espacios editoriales y literaris" }, "geometry": { "type": "Point", "coordinates": [ -78.5222, -0.2523 ] } },
{ "type": "Feature", "properties": { "Name": "Biblioteca USFQ", "Tipos": "Espacios editoriales y literaris" }, "geometry": { "type": "Point", "coordinates": [ -78.4358, -0.1961 ] } },
{ "type": "Feature", "properties": { "Name": "Biblioteca Universidad Indoamérica", "Tipos": "Espacios editoriales y literaris" }, "geometry": { "type": "Point", "coordinates": [ -78.4987, -0.121 ] } },
{ "type": "Feature", "properties": { "Name": "Biblioteca ISTVN campus Guamaní", "Tipos": "Espacios editoriales y literaris" }, "geometry": { "type": "Point", "coordinates": [ -78.5505, -0.3389 ] } },
{ "type": "Feature", "properties": { "Name": "Biblioteca ISTVN campus Calderón", "Tipos": "Espacios editoriales y literaris" }, "geometry": { "type": "Point", "coordinates": [ -78.4289, -0.108 ] } },
{ "type": "Feature", "properties": { "Name": "Biblioteca Ecuatoriana Aurelio Espinosa Pólit", "Tipos": "Espacios editoriales y literaris" }, "geometry": { "type": "Point", "coordinates": [ -78.4956, -0.1117 ] } },
{ "type": "Feature", "properties": { "Name": "Biblioteca Comunitaria Santiago de Puembo", "Tipos": "Espacios editoriales y literaris" }, "geometry": { "type": "Point", "coordinates": [ -78.358, -0.1772 ] } },
{ "type": "Feature", "properties": { "Name": "The English Lending Library (TELL) ", "Tipos": "Espacios editoriales y literaris" }, "geometry": { "type": "Point", "coordinates": [ -78.4814, -0.1594 ] } },
{ "type": "Feature", "properties": { "Name": "Biblioteca UDLA", "Tipos": "Espacios editoriales y literaris" }, "geometry": { "type": "Point", "coordinates": [ -78.4595, -0.1632 ] } },
{ "type": "Feature", "properties": { "Name": "Biblioteca Universidad Salesiana", "Tipos": "Espacios editoriales y literaris" }, "geometry": { "type": "Point", "coordinates": [ -78.4889, -0.2075 ] } },
{ "type": "Feature", "properties": { "Name": "Biblioteca UIDE", "Tipos": "Espacios editoriales y literaris" }, "geometry": { "type": "Point", "coordinates": [ -78.4687, -0.246 ] } },
{ "type": "Feature", "properties": { "Name": "Biblioteca Universidad Andina Simón Bolívar", "Tipos": "Espacios editoriales y literaris" }, "geometry": { "type": "Point", "coordinates": [ -78.4877, -0.2113 ] } },
{ "type": "Feature", "properties": { "Name": "Biblioteca Universidad Hemisferios, Campus Occidental", "Tipos": "Espacios editoriales y literaris" }, "geometry": { "type": "Point", "coordinates": [ -78.5049, -0.1766 ] } },
{ "type": "Feature", "properties": { "Name": "Mediateca Alianza Francesa de Quito", "Tipos": "Espacios editoriales y literaris" }, "geometry": { "type": "Point", "coordinates": [ -78.4813, -0.1883 ] } },
{ "type": "Feature", "properties": { "Name": "Taller de Títeres AYNI", "Tipos": "Espacios escenicos" }, "geometry": { "type": "Point", "coordinates": [ -78.4992, -0.1519 ] } },
{ "type": "Feature", "properties": { "Name": "Fundación Mandrágora Artes Escénicas", "Tipos": "Espacios escenicos" }, "geometry": { "type": "Point", "coordinates": [ -78.4948, -0.2107 ] } },
{ "type": "Feature", "properties": { "Name": "Briza Teatro", "Tipos": "Espacios escenicos" }, "geometry": { "type": "Point", "coordinates": [ -78.496, -0.1431 ] } },
{ "type": "Feature", "properties": { "Name": "Teatro Ojo de Agua", "Tipos": "Espacios escenicos" }, "geometry": { "type": "Point", "coordinates": [ -78.5107, -0.2177 ] } },
{ "type": "Feature", "properties": { "Name": "Grupo de Danza Luz de Luna", "Tipos": "Espacios escenicos" }, "geometry": { "type": "Point", "coordinates": [ -78.5123, -0.2641 ] } },
{ "type": "Feature", "properties": { "Name": "Arz Deuz", "Tipos": "Espacios escenicos" }, "geometry": { "type": "Point", "coordinates": [ -78.483, -0.2075 ] } },
{ "type": "Feature", "properties": { "Name": "Ballet Folclórico El Quinde", "Tipos": "Espacios escenicos" }, "geometry": { "type": "Point", "coordinates": [ -78.545, -0.2568 ] } },
{ "type": "Feature", "properties": { "Name": "Casa de Teatro Malayerba", "Tipos": "Espacios escenicos" }, "geometry": { "type": "Point", "coordinates": [ -78.5012, -0.2133 ] } },
{ "type": "Feature", "properties": { "Name": "Colectivo Zeta Danza", "Tipos": "Espacios escenicos" }, "geometry": { "type": "Point", "coordinates": [ -78.4984, -0.2068 ] } },
{ "type": "Feature", "properties": { "Name": "Ballet Folclórico Nacional Jacchigua", "Tipos": "Espacios escenicos" }, "geometry": { "type": "Point", "coordinates": [ -78.5052, -0.2188 ] } },
{ "type": "Feature", "properties": { "Name": "Cuco Teatro", "Tipos": "Espacios escenicos" }, "geometry": { "type": "Point", "coordinates": [ -78.5321, -0.2649 ] } },
{ "type": "Feature", "properties": { "Name": "Fundación Quito Eterno", "Tipos": "Espacios escenicos" }, "geometry": { "type": "Point", "coordinates": [ -78.5095, -0.2266 ] } },
{ "type": "Feature", "properties": { "Name": "La Titería Ecuador Taller-Arte-Comunidad", "Tipos": "Espacios escenicos" }, "geometry": { "type": "Point", "coordinates": [ -78.5186, -0.2186 ] } },
{ "type": "Feature", "properties": { "Name": "Danza Nacionalista Saruymanda", "Tipos": "Espacios escenicos" }, "geometry": { "type": "Point", "coordinates": [ -78.5159, -0.2465 ] } },
{ "type": "Feature", "properties": { "Name": "Pasión Boliviana Ballet Folklórico Internacional", "Tipos": "Espacios escenicos" }, "geometry": { "type": "Point", "coordinates": [ -78.5421, -0.3113 ] } },
{ "type": "Feature", "properties": { "Name": "Varieté'tas Clown", "Tipos": "Espacios escenicos" }, "geometry": { "type": "Point", "coordinates": [ -78.4935, -0.2051 ] } },
{ "type": "Feature", "properties": { "Name": "Fraternidad Folklórica y Cultural Caporales San Simón Sucre", "Tipos": "Espacios escenicos" }, "geometry": { "type": "Point", "coordinates": [ -78.5377, -0.269 ] } },
{ "type": "Feature", "properties": { "Name": "Arca La Rayuela Centro Cultural", "Tipos": "Espacios escenicos" }, "geometry": { "type": "Point", "coordinates": [ -78.4778, -0.2536 ] } },
{ "type": "Feature", "properties": { "Name": "Casa Teatro de los Silfos", "Tipos": "Espacios escenicos" }, "geometry": { "type": "Point", "coordinates": [ -78.5081, -0.215 ] } },
{ "type": "Feature", "properties": { "Name": "Ballet Nacional de Ecuador", "Tipos": "Espacios escenicos" }, "geometry": { "type": "Point", "coordinates": [ -78.4741, -0.1706 ] } },
{ "type": "Feature", "properties": { "Name": "Ballet Andino Humanizarte", "Tipos": "Espacios escenicos" }, "geometry": { "type": "Point", "coordinates": [ -78.4963, -0.2116 ] } },
{ "type": "Feature", "properties": { "Name": "Espacio Vazio", "Tipos": "Espacios escenicos" }, "geometry": { "type": "Point", "coordinates": [ -78.4984, -0.2067 ] } },
{ "type": "Feature", "properties": { "Name": "Tri-Ciclo Sala de Artes Escénicas", "Tipos": "Espacios escenicos" }, "geometry": { "type": "Point", "coordinates": [ -78.495, -0.2101 ] } },
{ "type": "Feature", "properties": { "Name": "Salas de Ensayo Escénica Producción", "Tipos": "Espacios escenicos" }, "geometry": { "type": "Point", "coordinates": [ -78.5139, -0.2453 ] } },
{ "type": "Feature", "properties": { "Name": "Patio De Comedias", "Tipos": "Espacios escenicos" }, "geometry": { "type": "Point", "coordinates": [ -78.4972, -0.2069 ] } },
{ "type": "Feature", "properties": { "Name": "Teatro Escena 1", "Tipos": "Espacios escenicos" }, "geometry": { "type": "Point", "coordinates": [ -78.486, -0.1381 ] } },
{ "type": "Feature", "properties": { "Name": "Teatro San Gabriel", "Tipos": "Espacios escenicos" }, "geometry": { "type": "Point", "coordinates": [ -78.4956, -0.1845 ] } },
{ "type": "Feature", "properties": { "Name": "Teatro Bolívar", "Tipos": "Espacios escenicos" }, "geometry": { "type": "Point", "coordinates": [ -78.511, -0.2215 ] } },
{ "type": "Feature", "properties": { "Name": "Teatro Espada de Madera - Teatro del Pueblo", "Tipos": "Espacios escenicos" }, "geometry": { "type": "Point", "coordinates": [ -78.4378, -0.1509 ] } },
{ "type": "Feature", "properties": { "Name": "El Teatro (CCI)", "Tipos": "Espacios escenicos" }, "geometry": { "type": "Point", "coordinates": [ -78.4849, -0.1773 ] } },
{ "type": "Feature", "properties": { "Name": "El Teatro (Scala Shopping)", "Tipos": "Espacios escenicos" }, "geometry": { "type": "Point", "coordinates": [ -78.4254, -0.2071 ] } },
{ "type": "Feature", "properties": { "Name": "Teatro Unidad Educativa Sebastián de Benalcázar", "Tipos": "Espacios escenicos" }, "geometry": { "type": "Point", "coordinates": [ -78.4793, -0.1824 ] } },
{ "type": "Feature", "properties": { "Name": "Teatro Chejov", "Tipos": "Espacios escenicos" }, "geometry": { "type": "Point", "coordinates": [ -78.4759, -0.1722 ] } },
{ "type": "Feature", "properties": { "Name": "Teatro Nacional Sucre", "Tipos": "Espacios escenicos" }, "geometry": { "type": "Point", "coordinates": [ -78.5089, -0.2192 ] } },
{ "type": "Feature", "properties": { "Name": "Microteatro Uio", "Tipos": "Espacios escenicos" }, "geometry": { "type": "Point", "coordinates": [ -78.4865, -0.2009 ] } },
{ "type": "Feature", "properties": { "Name": "Teatro Politécnico", "Tipos": "Espacios escenicos" }, "geometry": { "type": "Point", "coordinates": [ -78.4904, -0.2116 ] } },
{ "type": "Feature", "properties": { "Name": "Teatro Variedades Ernesto Albán", "Tipos": "Espacios escenicos" }, "geometry": { "type": "Point", "coordinates": [ -78.5084, -0.219 ] } },
{ "type": "Feature", "properties": { "Name": "Teatro Calderón de la Barca USFQ", "Tipos": "Espacios escenicos" }, "geometry": { "type": "Point", "coordinates": [ -78.436, -0.196 ] } },
{ "type": "Feature", "properties": { "Name": "Teatro Capitol", "Tipos": "Espacios escenicos" }, "geometry": { "type": "Point", "coordinates": [ -78.5016, -0.2155 ] } },
{ "type": "Feature", "properties": { "Name": "El Sótano de Nijinsky ", "Tipos": "Espacios escenicos" }, "geometry": { "type": "Point", "coordinates": [ -78.4906, -0.2079 ] } },
{ "type": "Feature", "properties": { "Name": "Teatro México", "Tipos": "Espacios escenicos" }, "geometry": { "type": "Point", "coordinates": [ -78.5165, -0.24 ] } },
{ "type": "Feature", "properties": { "Name": "Casa teatro Elongo", "Tipos": "Espacios escenicos" }, "geometry": { "type": "Point", "coordinates": [ -78.5087, -0.2101 ] } },
{ "type": "Feature", "properties": { "Name": "Teatro Aya Hatariy", "Tipos": "Espacios escenicos" }, "geometry": { "type": "Point", "coordinates": [ -78.4686, -0.0896 ] } },
{ "type": "Feature", "properties": { "Name": "Teatro Shakespear USFQ", "Tipos": "Espacios escenicos" }, "geometry": { "type": "Point", "coordinates": [ -78.4357, -0.1992 ] } },
{ "type": "Feature", "properties": { "Name": "Teatro Anita Paredes de Alfaro", "Tipos": "Espacios escenicos" }, "geometry": { "type": "Point", "coordinates": [ -78.5115, -0.2312 ] } },
{ "type": "Feature", "properties": { "Name": "Teatro Charlot", "Tipos": "Espacios escenicos" }, "geometry": { "type": "Point", "coordinates": [ -78.4907, -0.1738 ] } },
{ "type": "Feature", "properties": { "Name": "Teatro Prometeo CCE", "Tipos": "Espacios escenicos" }, "geometry": { "type": "Point", "coordinates": [ -78.4968, -0.2102 ] } },
{ "type": "Feature", "properties": { "Name": "Teatro Bakkus", "Tipos": "Espacios escenicos" }, "geometry": { "type": "Point", "coordinates": [ -78.5082, -0.1957 ] } },
{ "type": "Feature", "properties": { "Name": "Teatro Universitario UCE", "Tipos": "Espacios escenicos" }, "geometry": { "type": "Point", "coordinates": [ -78.502, -0.2008 ] } },
{ "type": "Feature", "properties": { "Name": "Fama Escuela De Actuación", "Tipos": "Espacios escenicos" }, "geometry": { "type": "Point", "coordinates": [ -78.4743, -0.1773 ] } },
{ "type": "Feature", "properties": { "Name": "Conservatorio Frederick Ashton Danza IND", "Tipos": "Espacios escenicos" }, "geometry": { "type": "Point", "coordinates": [ -78.514, -0.219 ] } },
{ "type": "Feature", "properties": { "Name": "Expresiones Arte y Danza", "Tipos": "Espacios escenicos" }, "geometry": { "type": "Point", "coordinates": [ -78.5014, -0.2064 ] } },
{ "type": "Feature", "properties": { "Name": "Escuela Exploradores de la Danza", "Tipos": "Espacios escenicos" }, "geometry": { "type": "Point", "coordinates": [ -78.4954, -0.2099 ] } },
{ "type": "Feature", "properties": { "Name": "Escuela de Arte Contemporáneo Gustav Mahler", "Tipos": "Espacios escenicos" }, "geometry": { "type": "Point", "coordinates": [ -78.5131, -0.2428 ] } },
{ "type": "Feature", "properties": { "Name": "Corpodanza Estudio de Danza", "Tipos": "Espacios escenicos" }, "geometry": { "type": "Point", "coordinates": [ -78.5139, -0.245 ] } },
{ "type": "Feature", "properties": { "Name": "Nuestras Raíces Fundación", "Tipos": "Espacios escenicos" }, "geometry": { "type": "Point", "coordinates": [ -78.5327, -0.2487 ] } },
{ "type": "Feature", "properties": { "Name": "Ballet Sur", "Tipos": "Espacios escenicos" }, "geometry": { "type": "Point", "coordinates": [ -78.5378, -0.2704 ] } },
{ "type": "Feature", "properties": { "Name": "Abakuá Escuela de Baile", "Tipos": "Espacios escenicos" }, "geometry": { "type": "Point", "coordinates": [ -78.5262, -0.2362 ] } },
{ "type": "Feature", "properties": { "Name": "Escuela de Danza Reveladitos", "Tipos": "Espacios escenicos" }, "geometry": { "type": "Point", "coordinates": [ -78.5443, -0.2585 ] } },
{ "type": "Feature", "properties": { "Name": "Badia Estudio de Danza", "Tipos": "Espacios escenicos" }, "geometry": { "type": "Point", "coordinates": [ -78.4868, -0.1992 ] } },
{ "type": "Feature", "properties": { "Name": "Centro de Arte y Movimiento Guadalupe Chaves", "Tipos": "Espacios escenicos" }, "geometry": { "type": "Point", "coordinates": [ -78.4449, -0.2895 ] } },
{ "type": "Feature", "properties": { "Name": "Ballet Sur (Sucursal La Nave)", "Tipos": "Espacios escenicos" }, "geometry": { "type": "Point", "coordinates": [ -78.4963, -0.191 ] } },
{ "type": "Feature", "properties": { "Name": "Escuela de Danza Ailahtan", "Tipos": "Espacios escenicos" }, "geometry": { "type": "Point", "coordinates": [ -78.4934, -0.1865 ] } },
{ "type": "Feature", "properties": { "Name": "ACompás Escuela de Flamenco", "Tipos": "Espacios escenicos" }, "geometry": { "type": "Point", "coordinates": [ -78.4759, -0.1803 ] } },
{ "type": "Feature", "properties": { "Name": "Bantú Dance Studio", "Tipos": "Espacios escenicos" }, "geometry": { "type": "Point", "coordinates": [ -78.4888, -0.202 ] } },
{ "type": "Feature", "properties": { "Name": "Elít Ballet Academy & Pilates Center", "Tipos": "Espacios escenicos" }, "geometry": { "type": "Point", "coordinates": [ -78.4882, -0.1996 ] } },
{ "type": "Feature", "properties": { "Name": "Estudio de Actores", "Tipos": "Espacios escenicos" }, "geometry": { "type": "Point", "coordinates": [ -78.5114, -0.217 ] } },
{ "type": "Feature", "properties": { "Name": "Escuela de Actuación, Música, Cine y Teatro Diego Duchi", "Tipos": "Espacios escenicos" }, "geometry": { "type": "Point", "coordinates": [ -78.4586, -0.1099 ] } },
{ "type": "Feature", "properties": { "Name": "Escuela Imagino", "Tipos": "Espacios escenicos" }, "geometry": { "type": "Point", "coordinates": [ -78.4281, -0.206 ] } },
{ "type": "Feature", "properties": { "Name": "Skyfall Danza Aérea", "Tipos": "Espacios escenicos" }, "geometry": { "type": "Point", "coordinates": [ -78.5292, -0.2353 ] } },
{ "type": "Feature", "properties": { "Name": "Centro Intercultural de Danza Shaddai", "Tipos": "Espacios escenicos" }, "geometry": { "type": "Point", "coordinates": [ -78.5483, -0.2787 ] } },
{ "type": "Feature", "properties": { "Name": "Danza Contemporánea Fausto Espinosa Soto", "Tipos": "Espacios escenicos" }, "geometry": { "type": "Point", "coordinates": [ -78.4936, -0.2079 ] } },
{ "type": "Feature", "properties": { "Name": "Escuela de Actuación Ernesto Albán", "Tipos": "Espacios escenicos" }, "geometry": { "type": "Point", "coordinates": [ -78.4907, -0.1738 ] } },
{ "type": "Feature", "properties": { "Name": "Bongó Dance Center", "Tipos": "Espacios escenicos" }, "geometry": { "type": "Point", "coordinates": [ -78.4882, -0.1996 ] } },
{ "type": "Feature", "properties": { "Name": "Altillo Studio", "Tipos": "Espacios escenicos" }, "geometry": { "type": "Point", "coordinates": [ -78.4845, -0.2067 ] } },
{ "type": "Feature", "properties": { "Name": "CAE Centro de Artes Escénicas Academia de Baile", "Tipos": "Espacios escenicos" }, "geometry": { "type": "Point", "coordinates": [ -78.4837, -0.1664 ] } },
{ "type": "Feature", "properties": { "Name": "Damiana Levy Dance Studio (Granados Plaza)", "Tipos": "Espacios escenicos" }, "geometry": { "type": "Point", "coordinates": [ -78.4756, -0.1683 ] } },
{ "type": "Feature", "properties": { "Name": "Danza Árabe Marhala Espacio de Danza", "Tipos": "Espacios escenicos" }, "geometry": { "type": "Point", "coordinates": [ -78.4722, -0.1655 ] } },
{ "type": "Feature", "properties": { "Name": "Mambo House Ec", "Tipos": "Espacios escenicos" }, "geometry": { "type": "Point", "coordinates": [ -78.4825, -0.1671 ] } },
{ "type": "Feature", "properties": { "Name": "Teamagus Escuela de Danza", "Tipos": "Espacios escenicos" }, "geometry": { "type": "Point", "coordinates": [ -78.4938, -0.1415 ] } },
{ "type": "Feature", "properties": { "Name": "Saoco Academia de Baile", "Tipos": "Espacios escenicos" }, "geometry": { "type": "Point", "coordinates": [ -78.4892, -0.1669 ] } },
{ "type": "Feature", "properties": { "Name": "Aziza Escuela de Danza Árabe", "Tipos": "Espacios escenicos" }, "geometry": { "type": "Point", "coordinates": [ -78.4729, -0.1714 ] } },
{ "type": "Feature", "properties": { "Name": "Frevo Dance Studio", "Tipos": "Espacios escenicos" }, "geometry": { "type": "Point", "coordinates": [ -78.4724, -0.1758 ] } },
{ "type": "Feature", "properties": { "Name": "Centro Danza", "Tipos": "Espacios escenicos" }, "geometry": { "type": "Point", "coordinates": [ -78.4976, -0.1347 ] } },
{ "type": "Feature", "properties": { "Name": "Studio 207", "Tipos": "Espacios escenicos" }, "geometry": { "type": "Point", "coordinates": [ -78.4808, -0.1642 ] } },
{ "type": "Feature", "properties": { "Name": "Huma Dance Studio", "Tipos": "Espacios escenicos" }, "geometry": { "type": "Point", "coordinates": [ -78.4975, -0.1484 ] } },
{ "type": "Feature", "properties": { "Name": "Parivaar Danzas de la India", "Tipos": "Espacios escenicos" }, "geometry": { "type": "Point", "coordinates": [ -78.4769, -0.2918 ] } },
{ "type": "Feature", "properties": { "Name": "Parivaar Danzas de la India (sucursal Norte)", "Tipos": "Espacios escenicos" }, "geometry": { "type": "Point", "coordinates": [ -78.4849, -0.1659 ] } },
{ "type": "Feature", "properties": { "Name": "Parivaar Danzas de la India (sucursal Sur)", "Tipos": "Espacios escenicos" }, "geometry": { "type": "Point", "coordinates": [ -78.5233, -0.2403 ] } },
{ "type": "Feature", "properties": { "Name": "Dancing Mood Estudio de Baile", "Tipos": "Espacios escenicos" }, "geometry": { "type": "Point", "coordinates": [ -78.4773, -0.1741 ] } },
{ "type": "Feature", "properties": { "Name": "Fantasía Oriental Danza Fusión", "Tipos": "Espacios escenicos" }, "geometry": { "type": "Point", "coordinates": [ -78.4722, -0.1714 ] } },
{ "type": "Feature", "properties": { "Name": "Mulher Studio de Danza", "Tipos": "Espacios escenicos" }, "geometry": { "type": "Point", "coordinates": [ -78.4778, -0.1949 ] } },
{ "type": "Feature", "properties": { "Name": "Free Dance", "Tipos": "Espacios escenicos" }, "geometry": { "type": "Point", "coordinates": [ -78.4837, -0.1697 ] } },
{ "type": "Feature", "properties": { "Name": "Dancing People", "Tipos": "Espacios escenicos" }, "geometry": { "type": "Point", "coordinates": [ -78.4833, -0.1659 ] } },
{ "type": "Feature", "properties": { "Name": "UIO Royal Dance Studio", "Tipos": "Espacios escenicos" }, "geometry": { "type": "Point", "coordinates": [ -78.4721, -0.1715 ] } },
{ "type": "Feature", "properties": { "Name": "Eliel Atzeni Dancers", "Tipos": "Espacios escenicos" }, "geometry": { "type": "Point", "coordinates": [ -78.4814, -0.165 ] } },
{ "type": "Feature", "properties": { "Name": "Flamboyant Danza Studio", "Tipos": "Espacios escenicos" }, "geometry": { "type": "Point", "coordinates": [ -78.4939, -0.1823 ] } },
{ "type": "Feature", "properties": { "Name": "Danza Árabe Beda Bellydance", "Tipos": "Espacios escenicos" }, "geometry": { "type": "Point", "coordinates": [ -78.4805, -0.1816 ] } },
{ "type": "Feature", "properties": { "Name": "Escuela de Danzas Árabes Vane Dreams", "Tipos": "Espacios escenicos" }, "geometry": { "type": "Point", "coordinates": [ -78.4425, -0.1485 ] } },
{ "type": "Feature", "properties": { "Name": "Bestersow Dance Complex", "Tipos": "Espacios escenicos" }, "geometry": { "type": "Point", "coordinates": [ -78.486, -0.138 ] } },
{ "type": "Feature", "properties": { "Name": "Acereko Dance Studio", "Tipos": "Espacios escenicos" }, "geometry": { "type": "Point", "coordinates": [ -78.4884, -0.1866 ] } },
{ "type": "Feature", "properties": { "Name": "L’atelier Escuela de Danza y Ballet", "Tipos": "Espacios escenicos" }, "geometry": { "type": "Point", "coordinates": [ -78.4474, -0.2196 ] } },
{ "type": "Feature", "properties": { "Name": "RitmoFit Academia de Baile y Fitness", "Tipos": "Espacios escenicos" }, "geometry": { "type": "Point", "coordinates": [ -78.4967, -0.1707 ] } },
{ "type": "Feature", "properties": { "Name": "So Dança Ecuador", "Tipos": "Espacios escenicos" }, "geometry": { "type": "Point", "coordinates": [ -78.4858, -0.2037 ] } },
{ "type": "Feature", "properties": { "Name": "Raíces Estudio de Baile", "Tipos": "Espacios escenicos" }, "geometry": { "type": "Point", "coordinates": [ -78.4828, -0.164 ] } },
{ "type": "Feature", "properties": { "Name": "Magnetic Dance Studio", "Tipos": "Espacios escenicos" }, "geometry": { "type": "Point", "coordinates": [ -78.5037, -0.159 ] } },
{ "type": "Feature", "properties": { "Name": "Just Dance Academy ", "Tipos": "Espacios escenicos" }, "geometry": { "type": "Point", "coordinates": [ -78.4841, -0.1202 ] } },
{ "type": "Feature", "properties": { "Name": "Stage Dance Class", "Tipos": "Espacios escenicos" }, "geometry": { "type": "Point", "coordinates": [ -78.4809, -0.1779 ] } },
{ "type": "Feature", "properties": { "Name": "Éter Dance Studio", "Tipos": "Espacios escenicos" }, "geometry": { "type": "Point", "coordinates": [ -78.4952, -0.1828 ] } },
{ "type": "Feature", "properties": { "Name": "Dancelia Studio", "Tipos": "Espacios escenicos" }, "geometry": { "type": "Point", "coordinates": [ -78.4832, -0.0975 ] } },
{ "type": "Feature", "properties": { "Name": "Sol de los Andes Danza Tradicional", "Tipos": "Espacios escenicos" }, "geometry": { "type": "Point", "coordinates": [ -78.4792, -0.1396 ] } },
{ "type": "Feature", "properties": { "Name": "Danzallegro Estudio de Ballet", "Tipos": "Espacios escenicos" }, "geometry": { "type": "Point", "coordinates": [ -78.5044, -0.1877 ] } },
{ "type": "Feature", "properties": { "Name": "Danza Jireh", "Tipos": "Espacios escenicos" }, "geometry": { "type": "Point", "coordinates": [ -78.557, -0.2821 ] } },
{ "type": "Feature", "properties": { "Name": "Ballet Nacional Integrado (sucursal Sur)", "Tipos": "Espacios escenicos" }, "geometry": { "type": "Point", "coordinates": [ -78.5335, -0.2449 ] } },
{ "type": "Feature", "properties": { "Name": "DM Dance Fitness", "Tipos": "Espacios escenicos" }, "geometry": { "type": "Point", "coordinates": [ -78.509, -0.1881 ] } },
{ "type": "Feature", "properties": { "Name": "Salsa Company", "Tipos": "Espacios escenicos" }, "geometry": { "type": "Point", "coordinates": [ -78.4783, -0.1627 ] } },
{ "type": "Feature", "properties": { "Name": "Step Up Escuela de Baile", "Tipos": "Espacios escenicos" }, "geometry": { "type": "Point", "coordinates": [ -78.5445, -0.2665 ] } },
{ "type": "Feature", "properties": { "Name": "FreeStyle Academia de Baile", "Tipos": "Espacios escenicos" }, "geometry": { "type": "Point", "coordinates": [ -78.5468, -0.2696 ] } },
{ "type": "Feature", "properties": { "Name": "Attitude Academy Ballet", "Tipos": "Espacios escenicos" }, "geometry": { "type": "Point", "coordinates": [ -78.5453, -0.2628 ] } },
{ "type": "Feature", "properties": { "Name": "Sayani Arte y Tradición", "Tipos": "Espacios escenicos" }, "geometry": { "type": "Point", "coordinates": [ -78.541, -0.3002 ] } },
{ "type": "Feature", "properties": { "Name": "Wepa Academia de baile ", "Tipos": "Espacios escenicos" }, "geometry": { "type": "Point", "coordinates": [ -78.545, -0.2878 ] } },
{ "type": "Feature", "properties": { "Name": "American Latin Class Academia de Baile", "Tipos": "Espacios escenicos" }, "geometry": { "type": "Point", "coordinates": [ -78.534, -0.2518 ] } },
{ "type": "Feature", "properties": { "Name": "Zahira Academy", "Tipos": "Espacios escenicos" }, "geometry": { "type": "Point", "coordinates": [ -78.4944, -0.1799 ] } },
{ "type": "Feature", "properties": { "Name": "Kallpañan Ballet latinoamericano", "Tipos": "Espacios escenicos" }, "geometry": { "type": "Point", "coordinates": [ -78.4962, -0.2445 ] } },
{ "type": "Feature", "properties": { "Name": "Baila que Baila Dance Studio", "Tipos": "Espacios escenicos" }, "geometry": { "type": "Point", "coordinates": [ -78.5435, -0.2927 ] } },
{ "type": "Feature", "properties": { "Name": "Academia de Danza In-dance", "Tipos": "Espacios escenicos" }, "geometry": { "type": "Point", "coordinates": [ -78.4626, -0.2683 ] } },
{ "type": "Feature", "properties": { "Name": "The Belly Dance Society", "Tipos": "Espacios escenicos" }, "geometry": { "type": "Point", "coordinates": [ -78.5018, -0.2048 ] } },
{ "type": "Feature", "properties": { "Name": "Danza y Arte Quitumbe", "Tipos": "Espacios escenicos" }, "geometry": { "type": "Point", "coordinates": [ -78.5535, -0.2995 ] } },
{ "type": "Feature", "properties": { "Name": "Shine Dance Academy", "Tipos": "Espacios escenicos" }, "geometry": { "type": "Point", "coordinates": [ -78.4555, -0.2977 ] } },
{ "type": "Feature", "properties": { "Name": "Soul Dance Academy", "Tipos": "Espacios escenicos" }, "geometry": { "type": "Point", "coordinates": [ -78.4344, -0.1992 ] } },
{ "type": "Feature", "properties": { "Name": "Soul Dance Academy (Cumbayá)", "Tipos": "Espacios escenicos" }, "geometry": { "type": "Point", "coordinates": [ -78.4344, -0.1992 ] } },
{ "type": "Feature", "properties": { "Name": "Djembé Dance Studio", "Tipos": "Espacios escenicos" }, "geometry": { "type": "Point", "coordinates": [ -78.4887, -0.1856 ] } },
{ "type": "Feature", "properties": { "Name": "Escuela de Arte Danzaballet", "Tipos": "Espacios escenicos" }, "geometry": { "type": "Point", "coordinates": [ -78.495, -0.1393 ] } },
{ "type": "Feature", "properties": { "Name": "Danza Viva", "Tipos": "Espacios escenicos" }, "geometry": { "type": "Point", "coordinates": [ -78.3925, -0.2079 ] } },
{ "type": "Feature", "properties": { "Name": "Clic Dance Studio", "Tipos": "Espacios escenicos" }, "geometry": { "type": "Point", "coordinates": [ -78.4655, -0.2744 ] } },
{ "type": "Feature", "properties": { "Name": "Centro de Arte Live and Dance", "Tipos": "Espacios escenicos" }, "geometry": { "type": "Point", "coordinates": [ -78.5217, -0.2426 ] } },
{ "type": "Feature", "properties": { "Name": "Cinnamon Escuela de Baile", "Tipos": "Espacios escenicos" }, "geometry": { "type": "Point", "coordinates": [ -78.4589, -0.2989 ] } },
{ "type": "Feature", "properties": { "Name": "Ballet & Flamenco, Dance and Fitness Studio", "Tipos": "Espacios escenicos" }, "geometry": { "type": "Point", "coordinates": [ -78.445, -0.1819 ] } },
{ "type": "Feature", "properties": { "Name": "Salsa Rumbera DS", "Tipos": "Espacios escenicos" }, "geometry": { "type": "Point", "coordinates": [ -78.5294, -0.2614 ] } },
{ "type": "Feature", "properties": { "Name": "Academia Fénix Dance", "Tipos": "Espacios escenicos" }, "geometry": { "type": "Point", "coordinates": [ -78.5309, -0.3299 ] } },
{ "type": "Feature", "properties": { "Name": "Full Dance", "Tipos": "Espacios escenicos" }, "geometry": { "type": "Point", "coordinates": [ -78.501, -0.1293 ] } },
{ "type": "Feature", "properties": { "Name": "Danza Cultural Sangre Andina", "Tipos": "Espacios escenicos" }, "geometry": { "type": "Point", "coordinates": [ -78.5389, -0.3013 ] } },
{ "type": "Feature", "properties": { "Name": "Centro de Danza Experimental La Capilla", "Tipos": "Espacios escenicos" }, "geometry": { "type": "Point", "coordinates": [ -78.5046, -0.2188 ] } },
{ "type": "Feature", "properties": { "Name": "Ensamble Nacional de Danza", "Tipos": "Espacios escenicos" }, "geometry": { "type": "Point", "coordinates": [ -78.4958, -0.2101 ] } },
{ "type": "Feature", "properties": { "Name": "Escuela de Danza Baby Dance", "Tipos": "Espacios escenicos" }, "geometry": { "type": "Point", "coordinates": [ -78.4566, -0.0601 ] } },
{ "type": "Feature", "properties": { "Name": "Perla Fina Flamenco", "Tipos": "Espacios escenicos" }, "geometry": { "type": "Point", "coordinates": [ -78.4851, -0.2099 ] } },
{ "type": "Feature", "properties": { "Name": "Escuela de Danzas Arabes Elena Mira", "Tipos": "Espacios escenicos" }, "geometry": { "type": "Point", "coordinates": [ -78.4686, -0.2914 ] } },
{ "type": "Feature", "properties": { "Name": "Estudio de Artes Lúdico Danza Ballet Niños Ecuador", "Tipos": "Espacios escenicos" }, "geometry": { "type": "Point", "coordinates": [ -78.5012, -0.2134 ] } },
{ "type": "Feature", "properties": { "Name": "Feeling Dance Crew", "Tipos": "Espacios escenicos" }, "geometry": { "type": "Point", "coordinates": [ -78.4812, -0.1952 ] } },
{ "type": "Feature", "properties": { "Name": "Metrodanza (sede Sur)", "Tipos": "Espacios escenicos" }, "geometry": { "type": "Point", "coordinates": [ -78.5391, -0.2654 ] } },
{ "type": "Feature", "properties": { "Name": "Samayruna Danza y Poesía", "Tipos": "Espacios escenicos" }, "geometry": { "type": "Point", "coordinates": [ -78.4659, -0.2182 ] } },
{ "type": "Feature", "properties": { "Name": "Satu Dance Academia de Baile", "Tipos": "Espacios escenicos" }, "geometry": { "type": "Point", "coordinates": [ -78.4768, -0.089 ] } },
{ "type": "Feature", "properties": { "Name": "Asociación Centro de Formación Danza e Identidad", "Tipos": "Espacios escenicos" }, "geometry": { "type": "Point", "coordinates": [ -78.431, -0.2159 ] } },
{ "type": "Feature", "properties": { "Name": "Black Community", "Tipos": "Espacios escenicos" }, "geometry": { "type": "Point", "coordinates": [ -78.4666, -0.1644 ] } },
{ "type": "Feature", "properties": { "Name": "Escuela de Danza Luz", "Tipos": "Espacios escenicos" }, "geometry": { "type": "Point", "coordinates": [ -78.4892, -0.103 ] } },
{ "type": "Feature", "properties": { "Name": "Escuela de baile The Magic Crew", "Tipos": "Espacios escenicos" }, "geometry": { "type": "Point", "coordinates": [ -78.4768, -0.089 ] } },
{ "type": "Feature", "properties": { "Name": "Artvcine Estudio de Actuación", "Tipos": "Espacios escenicos" }, "geometry": { "type": "Point", "coordinates": [ -78.4906, -0.1918 ] } },
{ "type": "Feature", "properties": { "Name": "Spazio Ballet Dance Studio", "Tipos": "Espacios escenicos" }, "geometry": { "type": "Point", "coordinates": [ -78.4746, -0.1814 ] } },
{ "type": "Feature", "properties": { "Name": "Cedex Centro de Danza Experimental ", "Tipos": "Espacios escenicos" }, "geometry": { "type": "Point", "coordinates": [ -78.4864, -0.1934 ] } },
{ "type": "Feature", "properties": { "Name": "Escuela Integral de Formación de Artistas EIFA", "Tipos": "Espacios escenicos" }, "geometry": { "type": "Point", "coordinates": [ -78.4796, -0.201 ] } },
{ "type": "Feature", "properties": { "Name": "Sala de Ensayo Salsa con Coco", "Tipos": "Espacios escenicos" }, "geometry": { "type": "Point", "coordinates": [ -78.4996, -0.1918 ] } },
{ "type": "Feature", "properties": { "Name": "Alebrije Quito", "Tipos": "Espacios Hibridos" }, "geometry": { "type": "Point", "coordinates": [ -78.485220663192607, -0.194954010967172 ] } },
{ "type": "Feature", "properties": { "Name": "Here Comes the Sun", "Tipos": "Espacios Hibridos" }, "geometry": { "type": "Point", "coordinates": [ -78.380538882365101, -0.207516569861126 ] } },
{ "type": "Feature", "properties": { "Name": "Casa Buenaventura", "Tipos": "Espacios Hibridos" }, "geometry": { "type": "Point", "coordinates": [ -78.497115346626401, -0.206711711643585 ] } },
{ "type": "Feature", "properties": { "Name": "Restaurante Centro Cultural Hernández", "Tipos": "Espacios Hibridos" }, "geometry": { "type": "Point", "coordinates": [ -78.515782449092896, -0.224211561578666 ] } },
{ "type": "Feature", "properties": { "Name": "La Caponata", "Tipos": "Espacios Hibridos" }, "geometry": { "type": "Point", "coordinates": [ -78.510573304296997, -0.217733795914475 ] } },
{ "type": "Feature", "properties": { "Name": "Zingaro", "Tipos": "Espacios Hibridos" }, "geometry": { "type": "Point", "coordinates": [ -78.485685941172605, -0.214186095902285 ] } },
{ "type": "Feature", "properties": { "Name": "Mal de Amores Quito", "Tipos": "Espacios Hibridos" }, "geometry": { "type": "Point", "coordinates": [ -78.493031993233501, -0.176387817803929 ] } },
{ "type": "Feature", "properties": { "Name": "Reds Quito", "Tipos": "Espacios Hibridos" }, "geometry": { "type": "Point", "coordinates": [ -78.485260953373498, -0.194370841096734 ] } },
{ "type": "Feature", "properties": { "Name": "Buho's Musik Restaurant", "Tipos": "Espacios Hibridos" }, "geometry": { "type": "Point", "coordinates": [ -78.5135371, -0.225195129452932 ] } },
{ "type": "Feature", "properties": { "Name": "Quito Jazz Club", "Tipos": "Espacios Hibridos" }, "geometry": { "type": "Point", "coordinates": [ -78.494328388955793, -0.208876182878772 ] } },
{ "type": "Feature", "properties": { "Name": "Rhapsody Retro Music", "Tipos": "Espacios Hibridos" }, "geometry": { "type": "Point", "coordinates": [ -78.492537111656603, -0.176024 ] } },
{ "type": "Feature", "properties": { "Name": "Los Fogones de Jazmin", "Tipos": "Espacios Hibridos" }, "geometry": { "type": "Point", "coordinates": [ -78.513746066860705, -0.224963289059068 ] } },
{ "type": "Feature", "properties": { "Name": "Torno Co Lab", "Tipos": "Espacio Multidisciplinario" }, "geometry": { "type": "Point", "coordinates": [ -78.4875, -0.2002 ] } },
{ "type": "Feature", "properties": { "Name": "El Útero", "Tipos": "Espacio Multidisciplinario" }, "geometry": { "type": "Point", "coordinates": [ -78.4936, -0.2052 ] } },
{ "type": "Feature", "properties": { "Name": "Centro Cultural Independiente Turubamba", "Tipos": "Espacio Multidisciplinario" }, "geometry": { "type": "Point", "coordinates": [ -78.5448, -0.2777 ] } },
{ "type": "Feature", "properties": { "Name": "Centro Cultural Comité del Pueblo", "Tipos": "Espacio Multidisciplinario" }, "geometry": { "type": "Point", "coordinates": [ -78.464, -0.1219 ] } },
{ "type": "Feature", "properties": { "Name": "Centro Cultural PUCE", "Tipos": "Espacio Multidisciplinario" }, "geometry": { "type": "Point", "coordinates": [ -78.4923, -0.2099 ] } },
{ "type": "Feature", "properties": { "Name": "El Nuevo Café NÜA", "Tipos": "Espacio Multidisciplinario" }, "geometry": { "type": "Point", "coordinates": [ -78.4908, -0.2061 ] } },
{ "type": "Feature", "properties": { "Name": "Academia de Artes All Arts", "Tipos": "Espacio Multidisciplinario" }, "geometry": { "type": "Point", "coordinates": [ -78.4684, -0.1677 ] } },
{ "type": "Feature", "properties": { "Name": "Centro Cultural Pedro Vicente Maldonado Instituto Geográfico Militar", "Tipos": "Espacio Multidisciplinario" }, "geometry": { "type": "Point", "coordinates": [ -78.4945, -0.2142 ] } },
{ "type": "Feature", "properties": { "Name": "Casa de las Ciencias y las Artes La Barroca", "Tipos": "Espacio Multidisciplinario" }, "geometry": { "type": "Point", "coordinates": [ -78.4959, -0.2123 ] } },
{ "type": "Feature", "properties": { "Name": "Centro Cívico Cultural Museo y Biblioteca Mariscal Sucre", "Tipos": "Espacio Multidisciplinario" }, "geometry": { "type": "Point", "coordinates": [ -78.5542, -0.2759 ] } },
{ "type": "Feature", "properties": { "Name": "Casa Nodriza", "Tipos": "Espacio Multidisciplinario" }, "geometry": { "type": "Point", "coordinates": [ -78.5197, -0.2418 ] } },
{ "type": "Feature", "properties": { "Name": "La Casona de las Artes", "Tipos": "Espacio Multidisciplinario" }, "geometry": { "type": "Point", "coordinates": [ -78.4405, -0.1801 ] } },
{ "type": "Feature", "properties": { "Name": "Centro Cultural Benjamín Carrión", "Tipos": "Espacio Multidisciplinario" }, "geometry": { "type": "Point", "coordinates": [ -78.4978, -0.2052 ] } },
{ "type": "Feature", "properties": { "Name": "Casa de la Cultura Ecuatoriana", "Tipos": "Espacio Multidisciplinario" }, "geometry": { "type": "Point", "coordinates": [ -78.4952, -0.2102 ] } },
{ "type": "Feature", "properties": { "Name": "Centro Cultural Vitrum", "Tipos": "Espacio Multidisciplinario" }, "geometry": { "type": "Point", "coordinates": [ -78.4924, -0.2079 ] } },
{ "type": "Feature", "properties": { "Name": "Spacio Cultural Quito", "Tipos": "Espacio Multidisciplinario" }, "geometry": { "type": "Point", "coordinates": [ -78.4997, -0.2113 ] } },
{ "type": "Feature", "properties": { "Name": "Centro Cultural Itchimbía", "Tipos": "Espacio Multidisciplinario" }, "geometry": { "type": "Point", "coordinates": [ -78.5018, -0.22 ] } },
{ "type": "Feature", "properties": { "Name": "Casa Toledo Centro de Arte y Cultura", "Tipos": "Espacio Multidisciplinario" }, "geometry": { "type": "Point", "coordinates": [ -78.4819, -0.2051 ] } },
{ "type": "Feature", "properties": { "Name": "Centro Cultural Metropolitano", "Tipos": "Espacio Multidisciplinario" }, "geometry": { "type": "Point", "coordinates": [ -78.5133, -0.2204 ] } },
{ "type": "Feature", "properties": { "Name": "Centro Cultural Entropía", "Tipos": "Espacio Multidisciplinario" }, "geometry": { "type": "Point", "coordinates": [ -78.478, -0.201 ] } },
{ "type": "Feature", "properties": { "Name": "Centro Cultural La Marín", "Tipos": "Espacio Multidisciplinario" }, "geometry": { "type": "Point", "coordinates": [ -78.5084, -0.2212 ] } },
{ "type": "Feature", "properties": { "Name": "Centro Cultural Pukará", "Tipos": "Espacio Multidisciplinario" }, "geometry": { "type": "Point", "coordinates": [ -78.4978, -0.2132 ] } },
{ "type": "Feature", "properties": { "Name": "Centro Cultural Ortodoxo", "Tipos": "Espacio Multidisciplinario" }, "geometry": { "type": "Point", "coordinates": [ -78.5017, -0.216 ] } },
{ "type": "Feature", "properties": { "Name": "Centro Cultural Benjamín Carrión (sede Bellavista)", "Tipos": "Espacio Multidisciplinario" }, "geometry": { "type": "Point", "coordinates": [ -78.4787, -0.1871 ] } },
{ "type": "Feature", "properties": { "Name": "La Emancipadora", "Tipos": "Espacio Multidisciplinario" }, "geometry": { "type": "Point", "coordinates": [ -78.5107, -0.2163 ] } },
{ "type": "Feature", "properties": { "Name": "Centro Cultural Casa Egüez", "Tipos": "Espacio Multidisciplinario" }, "geometry": { "type": "Point", "coordinates": [ -78.5026, -0.2093 ] } },
{ "type": "Feature", "properties": { "Name": "Casa de Saberes", "Tipos": "Espacio Multidisciplinario" }, "geometry": { "type": "Point", "coordinates": [ -78.4905, -0.2013 ] } },
{ "type": "Feature", "properties": { "Name": "Centro Cultural Tulpa", "Tipos": "Espacio Multidisciplinario" }, "geometry": { "type": "Point", "coordinates": [ -78.4795, -0.1972 ] } },
{ "type": "Feature", "properties": { "Name": "La Casa Catapulta", "Tipos": "Espacio Multidisciplinario" }, "geometry": { "type": "Point", "coordinates": [ -78.5098, -0.2191 ] } },
{ "type": "Feature", "properties": { "Name": "Open De Dei", "Tipos": "Espacio Multidisciplinario" }, "geometry": { "type": "Point", "coordinates": [ -78.5095, -0.2163 ] } },
{ "type": "Feature", "properties": { "Name": "La Nube Casa Cultural", "Tipos": "Espacio Multidisciplinario" }, "geometry": { "type": "Point", "coordinates": [ -78.4895, -0.1693 ] } },
{ "type": "Feature", "properties": { "Name": "Centro Cultural Tawantinsuyu Nahuatl", "Tipos": "Espacio Multidisciplinario" }, "geometry": { "type": "Point", "coordinates": [ -78.4826, -0.2468 ] } },
{ "type": "Feature", "properties": { "Name": "Estampería Quiteña", "Tipos": "Espacio Multidisciplinario" }, "geometry": { "type": "Point", "coordinates": [ -78.5068, -0.2112 ] } },
{ "type": "Feature", "properties": { "Name": "Guanguil. Espacio cultural", "Tipos": "Espacio Multidisciplinario" }, "geometry": { "type": "Point", "coordinates": [ -78.4718, -0.1763 ] } },
{ "type": "Feature", "properties": { "Name": "Casa Cultural A Contraluz", "Tipos": "Espacio Multidisciplinario" }, "geometry": { "type": "Point", "coordinates": [ -78.4827, -0.1316 ] } },
{ "type": "Feature", "properties": { "Name": "Casa Mitómana", "Tipos": "Espacio Multidisciplinario" }, "geometry": { "type": "Point", "coordinates": [ -78.499, -0.1853 ] } },
{ "type": "Feature", "properties": { "Name": "Espacio Cultural Corazón de Fuego Nina Shunku", "Tipos": "Espacio Multidisciplinario" }, "geometry": { "type": "Point", "coordinates": [ -78.5155, -0.2235 ] } },
{ "type": "Feature", "properties": { "Name": "Centro Cultural Rompecandados", "Tipos": "Espacio Multidisciplinario" }, "geometry": { "type": "Point", "coordinates": [ -78.5532, -0.2762 ] } },
{ "type": "Feature", "properties": { "Name": "Casa Uvilla", "Tipos": "Espacio Multidisciplinario" }, "geometry": { "type": "Point", "coordinates": [ -78.5094, -0.2045 ] } },
{ "type": "Feature", "properties": { "Name": "La Casa Vieja", "Tipos": "Espacio Multidisciplinario" }, "geometry": { "type": "Point", "coordinates": [ -78.5062, -0.221 ] } },
{ "type": "Feature", "properties": { "Name": "Palenque Casa", "Tipos": "Espacio Multidisciplinario" }, "geometry": { "type": "Point", "coordinates": [ -78.5058, -0.2228 ] } },
{ "type": "Feature", "properties": { "Name": "Centro Cultural Biblioteca Ecuatoriana Aurelio Espinosa Pólit", "Tipos": "Espacio Multidisciplinario" }, "geometry": { "type": "Point", "coordinates": [ -78.4953, -0.1111 ] } },
{ "type": "Feature", "properties": { "Name": "Asociación Humboldt", "Tipos": "Espacio Multidisciplinario" }, "geometry": { "type": "Point", "coordinates": [ -78.4903, -0.1919 ] } },
{ "type": "Feature", "properties": { "Name": "Alianza Francesa de Quito", "Tipos": "Espacio Multidisciplinario" }, "geometry": { "type": "Point", "coordinates": [ -78.4813, -0.1883 ] } },
{ "type": "Feature", "properties": { "Name": "IBEC Instituto Brasileiro-Ecuatoriano de Cultura", "Tipos": "Espacio Multidisciplinario" }, "geometry": { "type": "Point", "coordinates": [ -78.4937, -0.2079 ] } },
{ "type": "Feature", "properties": { "Name": "Sociedad Dante Alighieri", "Tipos": "Espacio Multidisciplinario" }, "geometry": { "type": "Point", "coordinates": [ -78.4855, -0.1939 ] } },
{ "type": "Feature", "properties": { "Name": "Casa Pradera", "Tipos": "Espacio Multidisciplinario" }, "geometry": { "type": "Point", "coordinates": [ -78.4856, -0.1958 ] } },
{ "type": "Feature", "properties": { "Name": "La Casa de Cuenca Centro Cultural", "Tipos": "Espacio Multidisciplinario" }, "geometry": { "type": "Point", "coordinates": [ -78.4871, -0.1939 ] } },
{ "type": "Feature", "properties": { "Name": "Dommo Plataforma Cultural", "Tipos": "Espacio Multidisciplinario" }, "geometry": { "type": "Point", "coordinates": [ -78.4893, -0.2035 ] } },
{ "type": "Feature", "properties": { "Name": "Fundación Mundo Juvenil", "Tipos": "Espacio Multidisciplinario" }, "geometry": { "type": "Point", "coordinates": [ -78.4833, -0.1862 ] } },
{ "type": "Feature", "properties": { "Name": "Cafetina", "Tipos": "Espacio Multidisciplinario" }, "geometry": { "type": "Point", "coordinates": [ -78.4827, -0.2086 ] } },
{ "type": "Feature", "properties": { "Name": "Centro Cultural de Música y Arte Terry Pazmiño ", "Tipos": "Espacio Multidisciplinario" }, "geometry": { "type": "Point", "coordinates": [ -78.4362, -0.1554 ] } },
{ "type": "Feature", "properties": { "Name": "Centro Cultural Valle Azul", "Tipos": "Espacio Multidisciplinario" }, "geometry": { "type": "Point", "coordinates": [ -78.4999, -0.2687 ] } },
{ "type": "Feature", "properties": { "Name": "Emancipadx Laboratorio Artístico Colaborativo", "Tipos": "Espacio Multidisciplinario" }, "geometry": { "type": "Point", "coordinates": [ -78.5149, -0.2225 ] } },
{ "type": "Feature", "properties": { "Name": "Casal Català de Quito", "Tipos": "Espacio Multidisciplinario" }, "geometry": { "type": "Point", "coordinates": [ -78.493, -0.2002 ] } },
{ "type": "Feature", "properties": { "Name": "Casa Cultural 420", "Tipos": "Espacio Multidisciplinario" }, "geometry": { "type": "Point", "coordinates": [ -78.4912, -0.1563 ] } },
{ "type": "Feature", "properties": { "Name": "Cidanzcur", "Tipos": "Espacio Multidisciplinario" }, "geometry": { "type": "Point", "coordinates": [ -78.5315, -0.2406 ] } },
{ "type": "Feature", "properties": { "Name": "Centro Cultural Nido Curiquingue", "Tipos": "Espacio Multidisciplinario" }, "geometry": { "type": "Point", "coordinates": [ -78.5163, -0.0896 ] } },
{ "type": "Feature", "properties": { "Name": "Centro Cultural Sentimiento Ecuatoriano de Lloa", "Tipos": "Espacio Multidisciplinario" }, "geometry": { "type": "Point", "coordinates": [ -78.5812, -0.2473 ] } },
{ "type": "Feature", "properties": { "Name": "Fundación Cultural Cornejo Luis Enrique ", "Tipos": "Espacio Multidisciplinario" }, "geometry": { "type": "Point", "coordinates": [ -78.5491, -0.2929 ] } },
{ "type": "Feature", "properties": { "Name": "Casa Machankara", "Tipos": "Espacio Multidisciplinario" }, "geometry": { "type": "Point", "coordinates": [ -78.5135, -0.2329 ] } },
{ "type": "Feature", "properties": { "Name": "Parque Urbano Cumandá", "Tipos": "Espacio Multidisciplinario" }, "geometry": { "type": "Point", "coordinates": [ -78.5115, -0.2283 ] } },
{ "type": "Feature", "properties": { "Name": "La Casa Atuk ", "Tipos": "Espacio Multidisciplinario" }, "geometry": { "type": "Point", "coordinates": [ -78.5108, -0.1283 ] } },
{ "type": "Feature", "properties": { "Name": "ARCA Centro Cultural", "Tipos": "Espacio Multidisciplinario" }, "geometry": { "type": "Point", "coordinates": [ -78.4778, -0.2536 ] } },
{ "type": "Feature", "properties": { "Name": "Casa Sananda", "Tipos": "Espacio Multidisciplinario" }, "geometry": { "type": "Point", "coordinates": [ -78.5097, -0.2082 ] } },
{ "type": "Feature", "properties": { "Name": "Atemporal Laboratorio de Arte", "Tipos": "Espacio Multidisciplinario" }, "geometry": { "type": "Point", "coordinates": [ -78.4865, -0.1939 ] } },
{ "type": "Feature", "properties": { "Name": "Centro Cultural Santiago", "Tipos": "Espacio Multidisciplinario" }, "geometry": { "type": "Point", "coordinates": [ -78.5398, -0.2508 ] } },
{ "type": "Feature", "properties": { "Name": "Centro Cultural Pacha Callari", "Tipos": "Espacio Multidisciplinario" }, "geometry": { "type": "Point", "coordinates": [ -78.5174, -0.2631 ] } },
{ "type": "Feature", "properties": { "Name": "Fundación Cultural Armonía", "Tipos": "Espacio Multidisciplinario" }, "geometry": { "type": "Point", "coordinates": [ -78.5085, -0.204 ] } },
{ "type": "Feature", "properties": { "Name": "Centro Cultural Reverdecer", "Tipos": "Espacio Multidisciplinario" }, "geometry": { "type": "Point", "coordinates": [ -78.4948, -0.1608 ] } },
{ "type": "Feature", "properties": { "Name": "Centro Cultural Humayacu ", "Tipos": "Espacio Multidisciplinario" }, "geometry": { "type": "Point", "coordinates": [ -78.4105, -0.0963 ] } },
{ "type": "Feature", "properties": { "Name": "Centro Cultural Cooperación Ecuatoriano-Iraní", "Tipos": "Espacio Multidisciplinario" }, "geometry": { "type": "Point", "coordinates": [ -78.4966, -0.1758 ] } },
{ "type": "Feature", "properties": { "Name": "Centro Español ", "Tipos": "Espacio Multidisciplinario" }, "geometry": { "type": "Point", "coordinates": [ -78.4905, -0.1919 ] } },
{ "type": "Feature", "properties": { "Name": "Centro Cultural Ayahuasca", "Tipos": "Espacio Multidisciplinario" }, "geometry": { "type": "Point", "coordinates": [ -78.3606, -0.1242 ] } },
{ "type": "Feature", "properties": { "Name": "Casa Cultural Cantacorde", "Tipos": "Espacio Multidisciplinario" }, "geometry": { "type": "Point", "coordinates": [ -78.4416, -0.0062 ] } },
{ "type": "Feature", "properties": { "Name": "Casa Cultural Casitagua", "Tipos": "Espacio Multidisciplinario" }, "geometry": { "type": "Point", "coordinates": [ -78.4631, -0.0536 ] } },
{ "type": "Feature", "properties": { "Name": "La Bodega 24/7 Centro Sociocultural", "Tipos": "Espacio Multidisciplinario" }, "geometry": { "type": "Point", "coordinates": [ -78.4616, -0.1441 ] } },
{ "type": "Feature", "properties": { "Name": "Centro Cultural Árabe Latino", "Tipos": "Espacio Multidisciplinario" }, "geometry": { "type": "Point", "coordinates": [ -78.4806, -0.1749 ] } },
{ "type": "Feature", "properties": { "Name": "Centro Cultural Amauta", "Tipos": "Espacio Multidisciplinario" }, "geometry": { "type": "Point", "coordinates": [ -78.5155, -0.2233 ] } },
{ "type": "Feature", "properties": { "Name": "Terraza Ilaló Centro Cultural (TICC)", "Tipos": "Espacio Multidisciplinario" }, "geometry": { "type": "Point", "coordinates": [ -78.3862, -0.2325 ] } },
{ "type": "Feature", "properties": { "Name": "Centro Cultural Italiano", "Tipos": "Espacio Multidisciplinario" }, "geometry": { "type": "Point", "coordinates": [ -78.4907, -0.1918 ] } },
{ "type": "Feature", "properties": { "Name": "Archivo Histórico Nacional del Ecuador", "Tipos": "Museos y sitios de memoria social" }, "geometry": { "type": "Point", "coordinates": [ -78.5037, -0.2148 ] } },
{ "type": "Feature", "properties": { "Name": "Archivo Metropolitano de Historia de Quito", "Tipos": "Museos y sitios de memoria social" }, "geometry": { "type": "Point", "coordinates": [ -78.497, -0.1985 ] } },
{ "type": "Feature", "properties": { "Name": "Archivo Histórico Alfredo Pareja Diezcanseco", "Tipos": "Museos y sitios de memoria social" }, "geometry": { "type": "Point", "coordinates": [ -78.4963, -0.2033 ] } },
{ "type": "Feature", "properties": { "Name": "Museo Archivo de Arquitectura del Ecuador", "Tipos": "Museos y sitios de memoria social" }, "geometry": { "type": "Point", "coordinates": [ -78.5096, -0.2233 ] } },
{ "type": "Feature", "properties": { "Name": "Archivo General de la Función Judicial", "Tipos": "Museos y sitios de memoria social" }, "geometry": { "type": "Point", "coordinates": [ -78.483, -0.1521 ] } },
{ "type": "Feature", "properties": { "Name": "Archivo Martínez - Meriguet", "Tipos": "Museos y sitios de memoria social" }, "geometry": { "type": "Point", "coordinates": [ -78.481, -0.2063 ] } },
{ "type": "Feature", "properties": { "Name": "Archivo Histórico Ministerio de Cultura y Patrimonio", "Tipos": "Museos y sitios de memoria social" }, "geometry": { "type": "Point", "coordinates": [ -78.4951, -0.2065 ] } },
{ "type": "Feature", "properties": { "Name": "Archivo General UCE", "Tipos": "Museos y sitios de memoria social" }, "geometry": { "type": "Point", "coordinates": [ -78.5057, -0.1991 ] } },
{ "type": "Feature", "properties": { "Name": "Museo Nacional del Ecuador", "Tipos": "Museos y sitios de memoria social" }, "geometry": { "type": "Point", "coordinates": [ -78.4951, -0.2096 ] } },
{ "type": "Feature", "properties": { "Name": "Museo de la Ciudad", "Tipos": "Museos y sitios de memoria social" }, "geometry": { "type": "Point", "coordinates": [ -78.515, -0.2228 ] } },
{ "type": "Feature", "properties": { "Name": "Museo del Carmen Alto", "Tipos": "Museos y sitios de memoria social" }, "geometry": { "type": "Point", "coordinates": [ -78.5154, -0.2225 ] } },
{ "type": "Feature", "properties": { "Name": "Museo Interactivo de Ciencia", "Tipos": "Museos y sitios de memoria social" }, "geometry": { "type": "Point", "coordinates": [ -78.5157, -0.2361 ] } },
{ "type": "Feature", "properties": { "Name": "Centro de Arte Contemporáneo ", "Tipos": "Museos y sitios de memoria social" }, "geometry": { "type": "Point", "coordinates": [ -78.5069, -0.2114 ] } },
{ "type": "Feature", "properties": { "Name": "Yaku Museo del Agua", "Tipos": "Museos y sitios de memoria social" }, "geometry": { "type": "Point", "coordinates": [ -78.5202, -0.2181 ] } },
{ "type": "Feature", "properties": { "Name": "Capilla del Hombre y Casa Museo Guayasamín", "Tipos": "Museos y sitios de memoria social" }, "geometry": { "type": "Point", "coordinates": [ -78.4695, -0.1904 ] } },
{ "type": "Feature", "properties": { "Name": "Casa Museo Trude Sojka", "Tipos": "Museos y sitios de memoria social" }, "geometry": { "type": "Point", "coordinates": [ -78.4829, -0.2054 ] } },
{ "type": "Feature", "properties": { "Name": "Museo de Arte Precolombino Casa del Alabado", "Tipos": "Museos y sitios de memoria social" }, "geometry": { "type": "Point", "coordinates": [ -78.5158, -0.2215 ] } },
{ "type": "Feature", "properties": { "Name": "Casa Museo Carlota Jaramillo", "Tipos": "Museos y sitios de memoria social" }, "geometry": { "type": "Point", "coordinates": [ -78.5132, -0.0015 ] } },
{ "type": "Feature", "properties": { "Name": "Casa Museo Manuela Sáenz", "Tipos": "Museos y sitios de memoria social" }, "geometry": { "type": "Point", "coordinates": [ -78.5105, -0.2228 ] } },
{ "type": "Feature", "properties": { "Name": "Casa Museo María Augusta Urrutia", "Tipos": "Museos y sitios de memoria social" }, "geometry": { "type": "Point", "coordinates": [ -78.5139, -0.2215 ] } },
{ "type": "Feature", "properties": { "Name": "Museo Numismático BCE", "Tipos": "Museos y sitios de memoria social" }, "geometry": { "type": "Point", "coordinates": [ -78.5139, -0.2212 ] } },
{ "type": "Feature", "properties": { "Name": "Convento Mercedario El Tejar", "Tipos": "Museos y sitios de memoria social" }, "geometry": { "type": "Point", "coordinates": [ -78.5173, -0.2141 ] } },
{ "type": "Feature", "properties": { "Name": "Fundación Iglesia de la Compañía de Jesús", "Tipos": "Museos y sitios de memoria social" }, "geometry": { "type": "Point", "coordinates": [ -78.5139, -0.2207 ] } },
{ "type": "Feature", "properties": { "Name": "Museo INABIO Instituto Nacional de Biodiversidad", "Tipos": "Museos y sitios de memoria social" }, "geometry": { "type": "Point", "coordinates": [ -78.4856, -0.1861 ] } },
{ "type": "Feature", "properties": { "Name": "Jardín Botánico de Quito", "Tipos": "Museos y sitios de memoria social" }, "geometry": { "type": "Point", "coordinates": [ -78.4855, -0.1864 ] } },
{ "type": "Feature", "properties": { "Name": "Museo Inehpol", "Tipos": "Museos y sitios de memoria social" }, "geometry": { "type": "Point", "coordinates": [ -78.5147, -0.2194 ] } },
{ "type": "Feature", "properties": { "Name": "Museo Aeronáutico y del Espacio FAE", "Tipos": "Museos y sitios de memoria social" }, "geometry": { "type": "Point", "coordinates": [ -78.4931, -0.1335 ] } },
{ "type": "Feature", "properties": { "Name": "Museo Abya Yala", "Tipos": "Museos y sitios de memoria social" }, "geometry": { "type": "Point", "coordinates": [ -78.4891, -0.2076 ] } },
{ "type": "Feature", "properties": { "Name": "Museo Arqueológico Weilbauer", "Tipos": "Museos y sitios de memoria social" }, "geometry": { "type": "Point", "coordinates": [ -78.4923, -0.2099 ] } },
{ "type": "Feature", "properties": { "Name": "Museo y Galerías Muñoz Mariño", "Tipos": "Museos y sitios de memoria social" }, "geometry": { "type": "Point", "coordinates": [ -78.5093, -0.2235 ] } },
{ "type": "Feature", "properties": { "Name": "Museo Casa de Sucre", "Tipos": "Museos y sitios de memoria social" }, "geometry": { "type": "Point", "coordinates": [ -78.5132, -0.2219 ] } },
{ "type": "Feature", "properties": { "Name": "Museo Templo de la Patria", "Tipos": "Museos y sitios de memoria social" }, "geometry": { "type": "Point", "coordinates": [ -78.5261, -0.2213 ] } },
{ "type": "Feature", "properties": { "Name": "Museo Antiguo Círculo Militar", "Tipos": "Museos y sitios de memoria social" }, "geometry": { "type": "Point", "coordinates": [ -78.5106, -0.2191 ] } },
{ "type": "Feature", "properties": { "Name": "Museo Palacio de la Exposición", "Tipos": "Museos y sitios de memoria social" }, "geometry": { "type": "Point", "coordinates": [ -78.5117, -0.2312 ] } },
{ "type": "Feature", "properties": { "Name": "Museo Antropológico Antonio Santiana", "Tipos": "Museos y sitios de memoria social" }, "geometry": { "type": "Point", "coordinates": [ -78.5026, -0.1987 ] } },
{ "type": "Feature", "properties": { "Name": "Museo Camilo Egas", "Tipos": "Museos y sitios de memoria social" }, "geometry": { "type": "Point", "coordinates": [ -78.5092, -0.2175 ] } },
{ "type": "Feature", "properties": { "Name": "Museo de Arte Colonial", "Tipos": "Museos y sitios de memoria social" }, "geometry": { "type": "Point", "coordinates": [ -78.5131, -0.2178 ] } },
{ "type": "Feature", "properties": { "Name": "Museo de Arte Moderno", "Tipos": "Museos y sitios de memoria social" }, "geometry": { "type": "Point", "coordinates": [ -78.4949, -0.2107 ] } },
{ "type": "Feature", "properties": { "Name": "Museo Etnográfico CCE", "Tipos": "Museos y sitios de memoria social" }, "geometry": { "type": "Point", "coordinates": [ -78.4949, -0.2106 ] } },
{ "type": "Feature", "properties": { "Name": "Museo Pedro Pablo Traversari", "Tipos": "Museos y sitios de memoria social" }, "geometry": { "type": "Point", "coordinates": [ -78.495, -0.2106 ] } },
{ "type": "Feature", "properties": { "Name": "Museo de Ciencias de la Tierra UCE", "Tipos": "Museos y sitios de memoria social" }, "geometry": { "type": "Point", "coordinates": [ -78.5055, -0.1979 ] } },
{ "type": "Feature", "properties": { "Name": "Museo Zoológico UCE", "Tipos": "Museos y sitios de memoria social" }, "geometry": { "type": "Point", "coordinates": [ -78.5071, -0.1996 ] } },
{ "type": "Feature", "properties": { "Name": "Museo de Historia Natural Gustavo Orcés", "Tipos": "Museos y sitios de memoria social" }, "geometry": { "type": "Point", "coordinates": [ -78.4903, -0.2116 ] } },
{ "type": "Feature", "properties": { "Name": "Museo Dominicano de Arte Fray Pedro Bedón", "Tipos": "Museos y sitios de memoria social" }, "geometry": { "type": "Point", "coordinates": [ -78.512, -0.2236 ] } },
{ "type": "Feature", "properties": { "Name": "Complejo Arqueológico Tulipe", "Tipos": "Museos y sitios de memoria social" }, "geometry": { "type": "Point", "coordinates": [ -78.7367, 0.0873 ] } },
{ "type": "Feature", "properties": { "Name": "Museo de Sitio La Florida", "Tipos": "Museos y sitios de memoria social" }, "geometry": { "type": "Point", "coordinates": [ -78.5066, -0.1482 ] } },
{ "type": "Feature", "properties": { "Name": "Museo Alberto Mena Caamaño", "Tipos": "Museos y sitios de memoria social" }, "geometry": { "type": "Point", "coordinates": [ -78.5133, -0.2199 ] } },
{ "type": "Feature", "properties": { "Name": "Museo del Observatorio Astronómico de Quito", "Tipos": "Museos y sitios de memoria social" }, "geometry": { "type": "Point", "coordinates": [ -78.5025, -0.2149 ] } },
{ "type": "Feature", "properties": { "Name": "Museo del Pasillo", "Tipos": "Museos y sitios de memoria social" }, "geometry": { "type": "Point", "coordinates": [ -78.5142, -0.2219 ] } },
{ "type": "Feature", "properties": { "Name": "Museo Etnográfico Mitad del Mundo", "Tipos": "Museos y sitios de memoria social" }, "geometry": { "type": "Point", "coordinates": [ -78.4558, -0.0021 ] } },
{ "type": "Feature", "properties": { "Name": "Museo Etnohistórico de Artesanías del Ecuador Mindalae", "Tipos": "Museos y sitios de memoria social" }, "geometry": { "type": "Point", "coordinates": [ -78.4876, -0.199 ] } },
{ "type": "Feature", "properties": { "Name": "Museo Franciscano del Padre Almeida", "Tipos": "Museos y sitios de memoria social" }, "geometry": { "type": "Point", "coordinates": [ -78.5222, -0.2239 ] } },
{ "type": "Feature", "properties": { "Name": "Museo Franciscano Fray Pedro Gocial San Francisco", "Tipos": "Museos y sitios de memoria social" }, "geometry": { "type": "Point", "coordinates": [ -78.5152, -0.2206 ] } },
{ "type": "Feature", "properties": { "Name": "Museo Iglesia Catedral Primada de Quito", "Tipos": "Museos y sitios de memoria social" }, "geometry": { "type": "Point", "coordinates": [ -78.5126, -0.2205 ] } },
{ "type": "Feature", "properties": { "Name": "Museo Jacinto Jijón y Caamaño", "Tipos": "Museos y sitios de memoria social" }, "geometry": { "type": "Point", "coordinates": [ -78.4921, -0.2098 ] } },
{ "type": "Feature", "properties": { "Name": "Museo Miguel de Santiago (Convento de San Agustín)", "Tipos": "Museos y sitios de memoria social" }, "geometry": { "type": "Point", "coordinates": [ -78.5104, -0.2203 ] } },
{ "type": "Feature", "properties": { "Name": "Monasterio Monacal Santa Catalina de Siena", "Tipos": "Museos y sitios de memoria social" }, "geometry": { "type": "Point", "coordinates": [ -78.5106, -0.2219 ] } },
{ "type": "Feature", "properties": { "Name": "Museo Nacional de Medicina Eduardo Estrella", "Tipos": "Museos y sitios de memoria social" }, "geometry": { "type": "Point", "coordinates": [ -78.4992, -0.2161 ] } },
{ "type": "Feature", "properties": { "Name": "Museo de la Universidad Central del Ecuador MUCE", "Tipos": "Museos y sitios de memoria social" }, "geometry": { "type": "Point", "coordinates": [ -78.5023, -0.201 ] } },
{ "type": "Feature", "properties": { "Name": "Museo de Sitio Inti Ñan", "Tipos": "Museos y sitios de memoria social" }, "geometry": { "type": "Point", "coordinates": [ -78.4546, -0.001 ] } },
{ "type": "Feature", "properties": { "Name": "Parque Arqueológico y Ecológico Rumipamba", "Tipos": "Museos y sitios de memoria social" }, "geometry": { "type": "Point", "coordinates": [ -78.501, -0.1817 ] } },
{ "type": "Feature", "properties": { "Name": "Vivarium de Quito", "Tipos": "Museos y sitios de memoria social" }, "geometry": { "type": "Point", "coordinates": [ -78.4869, -0.185 ] } },
{ "type": "Feature", "properties": { "Name": "Museo de Enfermería Iralda Benítez Núñez", "Tipos": "Museos y sitios de memoria social" }, "geometry": { "type": "Point", "coordinates": [ -78.4991, -0.2156 ] } },
{ "type": "Feature", "properties": { "Name": "Museo de la Presidencia", "Tipos": "Museos y sitios de memoria social" }, "geometry": { "type": "Point", "coordinates": [ -78.5128, -0.22 ] } },
{ "type": "Feature", "properties": { "Name": "Memorial José María Velasco Ibarra", "Tipos": "Museos y sitios de memoria social" }, "geometry": { "type": "Point", "coordinates": [ -78.4921, -0.2099 ] } },
{ "type": "Feature", "properties": { "Name": "Museo del Tren", "Tipos": "Museos y sitios de memoria social" }, "geometry": { "type": "Point", "coordinates": [ -78.5155, -0.2388 ] } },
{ "type": "Feature", "properties": { "Name": "Museo Convento del Buen Pastor ", "Tipos": "Museos y sitios de memoria social" }, "geometry": { "type": "Point", "coordinates": [ -78.5133, -0.2314 ] } },
{ "type": "Feature", "properties": { "Name": "Museo Fray Antonio Rodríguez", "Tipos": "Museos y sitios de memoria social" }, "geometry": { "type": "Point", "coordinates": [ -78.4752, -0.2002 ] } },
{ "type": "Feature", "properties": { "Name": "Museo Expenal García Moreno", "Tipos": "Museos y sitios de memoria social" }, "geometry": { "type": "Point", "coordinates": [ -78.5209, -0.2177 ] } },
{ "type": "Feature", "properties": { "Name": "Museo Etnográfico José Mejía Lequerica", "Tipos": "Museos y sitios de memoria social" }, "geometry": { "type": "Point", "coordinates": [ -78.5054, -0.212 ] } },
{ "type": "Feature", "properties": { "Name": "Museo Casa de Benalcázar", "Tipos": "Museos y sitios de memoria social" }, "geometry": { "type": "Point", "coordinates": [ -78.5116, -0.2177 ] } },
{ "type": "Feature", "properties": { "Name": "Museo Templo del Sol", "Tipos": "Museos y sitios de memoria social" }, "geometry": { "type": "Point", "coordinates": [ -78.4542, -0.0026 ] } },
{ "type": "Feature", "properties": { "Name": "Quito Colonial Ciudad Mitad del Mundo", "Tipos": "Museos y sitios de memoria social" }, "geometry": { "type": "Point", "coordinates": [ -78.4548, -0.0031 ] } },
{ "type": "Feature", "properties": { "Name": "Herbario Nacional de Ecuador", "Tipos": "Museos y sitios de memoria social" }, "geometry": { "type": "Point", "coordinates": [ -78.4804, -0.1623 ] } },
{ "type": "Feature", "properties": { "Name": "Casa De Las Artes 999 La Ronda", "Tipos": "Museos y sitios de memoria social" }, "geometry": { "type": "Point", "coordinates": [ -78.5146, -0.224 ] } },
{ "type": "Feature", "properties": { "Name": "Museo Expofixion Star Wars Ecuador", "Tipos": "Museos y sitios de memoria social" }, "geometry": { "type": "Point", "coordinates": [ -78.4906, -0.1975 ] } },
{ "type": "Feature", "properties": { "Name": "Museo José Lino", "Tipos": "Museos y sitios de memoria social" }, "geometry": { "type": "Point", "coordinates": [ -78.3997, -0.2922 ] } },
{ "type": "Feature", "properties": { "Name": "Casa Museo Antonio Negrete", "Tipos": "Museos y sitios de memoria social" }, "geometry": { "type": "Point", "coordinates": [ -78.4534, -0.0541 ] } },
{ "type": "Feature", "properties": { "Name": "Museo Ortega", "Tipos": "Museos y sitios de memoria social" }, "geometry": { "type": "Point", "coordinates": [ -78.3403, -0.0608 ] } },
{ "type": "Feature", "properties": { "Name": "Museo Templo del Sol ", "Tipos": "Museos y sitios de memoria social" }, "geometry": { "type": "Point", "coordinates": [ -78.481, 0.0232 ] } },
{ "type": "Feature", "properties": { "Name": "Museo Shungoloma", "Tipos": "Museos y sitios de memoria social" }, "geometry": { "type": "Point", "coordinates": [ -78.482, 0.0237 ] } },
{ "type": "Feature", "properties": { "Name": "Museo de Antigüedades Píntag", "Tipos": "Museos y sitios de memoria social" }, "geometry": { "type": "Point", "coordinates": [ -78.3751, -0.3698 ] } },
{ "type": "Feature", "properties": { "Name": "Centro Quinatoa", "Tipos": "Museos y sitios de memoria social" }, "geometry": { "type": "Point", "coordinates": [ -78.5095, -0.2267 ] } },
{ "type": "Feature", "properties": { "Name": "SoundGarden Uio", "Tipos": "Espacio musical" }, "geometry": { "type": "Point", "coordinates": [ -78.4101, -0.2133 ] } },
{ "type": "Feature", "properties": { "Name": "Casa de la Música", "Tipos": "Espacio musical" }, "geometry": { "type": "Point", "coordinates": [ -78.5021, -0.1812 ] } },
{ "type": "Feature", "properties": { "Name": "La Galera Musical", "Tipos": "Espacio musical" }, "geometry": { "type": "Point", "coordinates": [ -78.5584, -0.2836 ] } },
{ "type": "Feature", "properties": { "Name": "Conservatorio Nacional de Música de Ecuador", "Tipos": "Espacio musical" }, "geometry": { "type": "Point", "coordinates": [ -78.4725, -0.171 ] } },
{ "type": "Feature", "properties": { "Name": "Conservatorio Franz Liszt", "Tipos": "Espacio musical" }, "geometry": { "type": "Point", "coordinates": [ -78.4899, -0.1739 ] } },
{ "type": "Feature", "properties": { "Name": "Conservatorio Mozarte", "Tipos": "Espacio musical" }, "geometry": { "type": "Point", "coordinates": [ -78.4755, -0.1807 ] } },
{ "type": "Feature", "properties": { "Name": "Conservatorio Superior de Música Jaime Mola", "Tipos": "Espacio musical" }, "geometry": { "type": "Point", "coordinates": [ -78.4976, -0.1965 ] } },
{ "type": "Feature", "properties": { "Name": "Estudio de Percusión", "Tipos": "Espacio musical" }, "geometry": { "type": "Point", "coordinates": [ -78.4948, -0.2089 ] } },
{ "type": "Feature", "properties": { "Name": "Esquivel Escuela de Música y Artes", "Tipos": "Espacio musical" }, "geometry": { "type": "Point", "coordinates": [ -78.4947, -0.1671 ] } },
{ "type": "Feature", "properties": { "Name": "Musicarium Music Institute & Services", "Tipos": "Espacio musical" }, "geometry": { "type": "Point", "coordinates": [ -78.4917, -0.1564 ] } },
{ "type": "Feature", "properties": { "Name": "Vive La Música Academia De Artes Musicales", "Tipos": "Espacio musical" }, "geometry": { "type": "Point", "coordinates": [ -78.478, -0.1703 ] } },
{ "type": "Feature", "properties": { "Name": "Escuela de Música MozEdu", "Tipos": "Espacio musical" }, "geometry": { "type": "Point", "coordinates": [ -78.489, -0.1721 ] } },
{ "type": "Feature", "properties": { "Name": "Fundación Cultural Armonía", "Tipos": "Espacio musical" }, "geometry": { "type": "Point", "coordinates": [ -78.5085, -0.204 ] } },
{ "type": "Feature", "properties": { "Name": "Academia de Música Vivaldi", "Tipos": "Espacio musical" }, "geometry": { "type": "Point", "coordinates": [ -78.4978, -0.1293 ] } },
{ "type": "Feature", "properties": { "Name": "Musikum - Artistic Experience", "Tipos": "Espacio musical" }, "geometry": { "type": "Point", "coordinates": [ -78.4848, -0.1394 ] } },
{ "type": "Feature", "properties": { "Name": "Academia de Música Clave de Sol", "Tipos": "Espacio musical" }, "geometry": { "type": "Point", "coordinates": [ -78.4306, -0.0904 ] } },
{ "type": "Feature", "properties": { "Name": "Academia de Música Ludwig van Beethoven", "Tipos": "Espacio musical" }, "geometry": { "type": "Point", "coordinates": [ -78.4533, -0.0569 ] } },
{ "type": "Feature", "properties": { "Name": "Academia de Música Pentagrama", "Tipos": "Espacio musical" }, "geometry": { "type": "Point", "coordinates": [ -78.4685, -0.1249 ] } },
{ "type": "Feature", "properties": { "Name": "Music Cool Academy", "Tipos": "Espacio musical" }, "geometry": { "type": "Point", "coordinates": [ -78.483, -0.1003 ] } },
{ "type": "Feature", "properties": { "Name": "Academia de Música Berklee", "Tipos": "Espacio musical" }, "geometry": { "type": "Point", "coordinates": [ -78.4724, -0.0866 ] } },
{ "type": "Feature", "properties": { "Name": "Escuela Musical Iva \"El Osito\" Maldonado", "Tipos": "Espacio musical" }, "geometry": { "type": "Point", "coordinates": [ -78.4307, -0.1138 ] } },
{ "type": "Feature", "properties": { "Name": "AM Academia", "Tipos": "Espacio musical" }, "geometry": { "type": "Point", "coordinates": [ -78.4757, -0.176 ] } },
{ "type": "Feature", "properties": { "Name": "Escuela de música Star Music Academy", "Tipos": "Espacio musical" }, "geometry": { "type": "Point", "coordinates": [ -78.4948, -0.1746 ] } },
{ "type": "Feature", "properties": { "Name": "Academia Musart", "Tipos": "Espacio musical" }, "geometry": { "type": "Point", "coordinates": [ -78.4983, -0.174 ] } },
{ "type": "Feature", "properties": { "Name": "Play Music Escuela de Música", "Tipos": "Espacio musical" }, "geometry": { "type": "Point", "coordinates": [ -78.4902, -0.1977 ] } },
{ "type": "Feature", "properties": { "Name": "G.A.M Escuela de Música", "Tipos": "Espacio musical" }, "geometry": { "type": "Point", "coordinates": [ -78.4633, -0.1621 ] } },
{ "type": "Feature", "properties": { "Name": "Allegretto Servicios Musicales: Academia & Músicos en vivo", "Tipos": "Espacio musical" }, "geometry": { "type": "Point", "coordinates": [ -78.4959, -0.1959 ] } },
{ "type": "Feature", "properties": { "Name": "Musak Ecuador", "Tipos": "Espacio musical" }, "geometry": { "type": "Point", "coordinates": [ -78.5211, -0.2426 ] } },
{ "type": "Feature", "properties": { "Name": "Academia Musical del Trío Sensacional", "Tipos": "Espacio musical" }, "geometry": { "type": "Point", "coordinates": [ -78.5315, -0.2724 ] } },
{ "type": "Feature", "properties": { "Name": "Academia de Música La Octava Nota", "Tipos": "Espacio musical" }, "geometry": { "type": "Point", "coordinates": [ -78.553, -0.276 ] } },
{ "type": "Feature", "properties": { "Name": "Euterpe Music", "Tipos": "Espacio musical" }, "geometry": { "type": "Point", "coordinates": [ -78.4374, -0.1949 ] } },
{ "type": "Feature", "properties": { "Name": "Musicklave", "Tipos": "Espacio musical" }, "geometry": { "type": "Point", "coordinates": [ -78.5282, -0.2468 ] } },
{ "type": "Feature", "properties": { "Name": "Sonar Escuela de Música y Artes", "Tipos": "Espacio musical" }, "geometry": { "type": "Point", "coordinates": [ -78.4971, -0.1487 ] } },
{ "type": "Feature", "properties": { "Name": "Pulso Musical EC", "Tipos": "Espacio musical" }, "geometry": { "type": "Point", "coordinates": [ -78.4951, -0.1717 ] } },
{ "type": "Feature", "properties": { "Name": "StudioEnsamble", "Tipos": "Espacio musical" }, "geometry": { "type": "Point", "coordinates": [ -78.4281, -0.2062 ] } },
{ "type": "Feature", "properties": { "Name": "Los Palacios del Artista", "Tipos": "Espacio musical" }, "geometry": { "type": "Point", "coordinates": [ -78.5036, -0.2203 ] } },
{ "type": "Feature", "properties": { "Name": "Fundación CEMJAA", "Tipos": "Espacio musical" }, "geometry": { "type": "Point", "coordinates": [ -78.4527, -0.0546 ] } },
{ "type": "Feature", "properties": { "Name": "Academia de Música Ars Nova", "Tipos": "Espacio musical" }, "geometry": { "type": "Point", "coordinates": [ -78.4393, 0.0099 ] } },
{ "type": "Feature", "properties": { "Name": "Acorde Centro de Estudios Musicales", "Tipos": "Espacio musical" }, "geometry": { "type": "Point", "coordinates": [ -78.447, -0.0075 ] } },
{ "type": "Feature", "properties": { "Name": "Escuela Musical R&M", "Tipos": "Espacio musical" }, "geometry": { "type": "Point", "coordinates": [ -78.4892, -0.1655 ] } },
{ "type": "Feature", "properties": { "Name": "Pacto Music", "Tipos": "Espacio musical" }, "geometry": { "type": "Point", "coordinates": [ -78.4796, -0.1684 ] } },
{ "type": "Feature", "properties": { "Name": "Lado B Escuela De Música", "Tipos": "Espacio musical" }, "geometry": { "type": "Point", "coordinates": [ -78.4792, -0.1594 ] } },
{ "type": "Feature", "properties": { "Name": "Orpheus Talleres de Música", "Tipos": "Espacio musical" }, "geometry": { "type": "Point", "coordinates": [ -78.4888, -0.1884 ] } },
{ "type": "Feature", "properties": { "Name": "Casa Sol Mi", "Tipos": "Espacio musical" }, "geometry": { "type": "Point", "coordinates": [ -78.5042, -0.1934 ] } },
{ "type": "Feature", "properties": { "Name": "Academia de Música Matices CBA", "Tipos": "Espacio musical" }, "geometry": { "type": "Point", "coordinates": [ -78.4768, -0.296 ] } },
{ "type": "Feature", "properties": { "Name": "Escuela de Música Quito Cobbalsky", "Tipos": "Espacio musical" }, "geometry": { "type": "Point", "coordinates": [ -78.5433, -0.2791 ] } },
{ "type": "Feature", "properties": { "Name": "Baremboim Cursos de Música", "Tipos": "Espacio musical" }, "geometry": { "type": "Point", "coordinates": [ -78.5257, -0.2705 ] } },
{ "type": "Feature", "properties": { "Name": "Contraste Escuela de Música", "Tipos": "Espacio musical" }, "geometry": { "type": "Point", "coordinates": [ -78.4936, -0.1445 ] } },
{ "type": "Feature", "properties": { "Name": "Talento STEAM ", "Tipos": "Espacio musical" }, "geometry": { "type": "Point", "coordinates": [ -78.4656, -0.2779 ] } },
{ "type": "Feature", "properties": { "Name": "Adagio Music (Cumbayá)", "Tipos": "Espacio musical" }, "geometry": { "type": "Point", "coordinates": [ -78.4277, -0.213 ] } },
{ "type": "Feature", "properties": { "Name": "Adagio Music (Valle de los Chillos)", "Tipos": "Espacio musical" }, "geometry": { "type": "Point", "coordinates": [ -78.463, -0.2682 ] } },
{ "type": "Feature", "properties": { "Name": "Casa Amarilla Sede de la Orquesta Joven del Ecuador ", "Tipos": "Espacio musical" }, "geometry": { "type": "Point", "coordinates": [ -78.4948, -0.2087 ] } },
{ "type": "Feature", "properties": { "Name": "Estudio Melody ", "Tipos": "Espacio musical" }, "geometry": { "type": "Point", "coordinates": [ -78.5101, -0.2094 ] } },
{ "type": "Feature", "properties": { "Name": "La Lira", "Tipos": "Espacio musical" }, "geometry": { "type": "Point", "coordinates": [ -78.4883, -0.1746 ] } },
{ "type": "Feature", "properties": { "Name": "La Lira (Quicentro Sur) ", "Tipos": "Espacio musical" }, "geometry": { "type": "Point", "coordinates": [ -78.5432, -0.2854 ] } },
{ "type": "Feature", "properties": { "Name": "Mas Musika UIO (Principal)", "Tipos": "Espacio musical" }, "geometry": { "type": "Point", "coordinates": [ -78.4952, -0.1952 ] } },
{ "type": "Feature", "properties": { "Name": "Mas Musika (Cumbayá)", "Tipos": "Espacio musical" }, "geometry": { "type": "Point", "coordinates": [ -78.4366, -0.1991 ] } },
{ "type": "Feature", "properties": { "Name": "Trino Producciones", "Tipos": "Espacio musical" }, "geometry": { "type": "Point", "coordinates": [ -78.4981, -0.1936 ] } },
{ "type": "Feature", "properties": { "Name": "Impromusys Casa Musical ", "Tipos": "Espacio musical" }, "geometry": { "type": "Point", "coordinates": [ -78.5135, -0.2224 ] } },
{ "type": "Feature", "properties": { "Name": "Alctron Casa Musical y Tratamiento Acústico ", "Tipos": "Espacio musical" }, "geometry": { "type": "Point", "coordinates": [ -78.4802, -0.1704 ] } },
{ "type": "Feature", "properties": { "Name": "Up Music", "Tipos": "Espacio musical" }, "geometry": { "type": "Point", "coordinates": [ -78.4923, -0.2013 ] } },
{ "type": "Feature", "properties": { "Name": "Almacén Musical España", "Tipos": "Espacio musical" }, "geometry": { "type": "Point", "coordinates": [ -78.5102, -0.2214 ] } },
{ "type": "Feature", "properties": { "Name": "Casa Musical Jc", "Tipos": "Espacio musical" }, "geometry": { "type": "Point", "coordinates": [ -78.5288, -0.2698 ] } },
{ "type": "Feature", "properties": { "Name": "Saucisa", "Tipos": "Espacio musical" }, "geometry": { "type": "Point", "coordinates": [ -78.4745, -0.1647 ] } },
{ "type": "Feature", "properties": { "Name": "Import Music Ecuador", "Tipos": "Espacio musical" }, "geometry": { "type": "Point", "coordinates": [ -78.491, -0.1864 ] } },
{ "type": "Feature", "properties": { "Name": "Prosonido", "Tipos": "Espacio musical" }, "geometry": { "type": "Point", "coordinates": [ -78.4962, -0.1797 ] } },
{ "type": "Feature", "properties": { "Name": "Audiostore", "Tipos": "Espacio musical" }, "geometry": { "type": "Point", "coordinates": [ -78.494, -0.1992 ] } },
{ "type": "Feature", "properties": { "Name": "Guitarras Luthier FMC", "Tipos": "Espacio musical" }, "geometry": { "type": "Point", "coordinates": [ -78.489, -0.1796 ] } },
{ "type": "Feature", "properties": { "Name": "Mega Drum Store", "Tipos": "Espacio musical" }, "geometry": { "type": "Point", "coordinates": [ -78.4895, -0.1798 ] } },
{ "type": "Feature", "properties": { "Name": "Casa Musical Amador Jiménez", "Tipos": "Espacio musical" }, "geometry": { "type": "Point", "coordinates": [ -78.5014, -0.2112 ] } },
{ "type": "Feature", "properties": { "Name": "Casa Musical Parra Import", "Tipos": "Espacio musical" }, "geometry": { "type": "Point", "coordinates": [ -78.5007, -0.2115 ] } },
{ "type": "Feature", "properties": { "Name": "RomanAudio", "Tipos": "Espacio musical" }, "geometry": { "type": "Point", "coordinates": [ -78.4792, -0.1679 ] } },
{ "type": "Feature", "properties": { "Name": "UIO Guitars", "Tipos": "Espacio musical" }, "geometry": { "type": "Point", "coordinates": [ -78.4854, -0.1948 ] } },
{ "type": "Feature", "properties": { "Name": "UIO Guitars (Cumbayá)", "Tipos": "Espacio musical" }, "geometry": { "type": "Point", "coordinates": [ -78.4366, -0.199 ] } },
{ "type": "Feature", "properties": { "Name": "Casa Musical Rosero Núñez", "Tipos": "Espacio musical" }, "geometry": { "type": "Point", "coordinates": [ -78.5082, -0.2193 ] } },
{ "type": "Feature", "properties": { "Name": "Eckomusic Quito", "Tipos": "Espacio musical" }, "geometry": { "type": "Point", "coordinates": [ -78.5018, -0.2123 ] } },
{ "type": "Feature", "properties": { "Name": "Casa Musical CHC", "Tipos": "Espacio musical" }, "geometry": { "type": "Point", "coordinates": [ -78.505, -0.1394 ] } },
{ "type": "Feature", "properties": { "Name": "Grupo García Ecuador", "Tipos": "Espacio musical" }, "geometry": { "type": "Point", "coordinates": [ -78.5201, -0.2453 ] } },
{ "type": "Feature", "properties": { "Name": "Casa Brasil", "Tipos": "Espacio musical" }, "geometry": { "type": "Point", "coordinates": [ -78.4991, -0.2057 ] } },
{ "type": "Feature", "properties": { "Name": "Casa Brasil (Condado Shopping)", "Tipos": "Espacio musical" }, "geometry": { "type": "Point", "coordinates": [ -78.4909, -0.1045 ] } },
{ "type": "Feature", "properties": { "Name": "Casa Brasil (Scala Shopping)", "Tipos": "Espacio musical" }, "geometry": { "type": "Point", "coordinates": [ -78.4262, -0.2069 ] } },
{ "type": "Feature", "properties": { "Name": "Casa Brasil (El Recreo)", "Tipos": "Espacio musical" }, "geometry": { "type": "Point", "coordinates": [ -78.5232, -0.2527 ] } },
{ "type": "Feature", "properties": { "Name": "Casa Brasil (Tarqui)", "Tipos": "Espacio musical" }, "geometry": { "type": "Point", "coordinates": [ -78.501, -0.2117 ] } },
{ "type": "Feature", "properties": { "Name": "Electrónica y Sistemas", "Tipos": "Espacio musical" }, "geometry": { "type": "Point", "coordinates": [ -78.4037, -0.2122 ] } },
{ "type": "Feature", "properties": { "Name": "Casa Musical Ginsan", "Tipos": "Espacio musical" }, "geometry": { "type": "Point", "coordinates": [ -78.5317, -0.249 ] } },
{ "type": "Feature", "properties": { "Name": "Casa Musical Vallejo", "Tipos": "Espacio musical" }, "geometry": { "type": "Point", "coordinates": [ -78.4537, -0.1004 ] } },
{ "type": "Feature", "properties": { "Name": "Mejor Sonido", "Tipos": "Espacio musical" }, "geometry": { "type": "Point", "coordinates": [ -78.4964, -0.2122 ] } },
{ "type": "Feature", "properties": { "Name": "Electromusic", "Tipos": "Espacio musical" }, "geometry": { "type": "Point", "coordinates": [ -78.4083, -0.2137 ] } },
{ "type": "Feature", "properties": { "Name": "Chayag", "Tipos": "Espacio musical" }, "geometry": { "type": "Point", "coordinates": [ -78.4727, -0.1557 ] } },
{ "type": "Feature", "properties": { "Name": "Casa Musical Sabor a Tierra", "Tipos": "Espacio musical" }, "geometry": { "type": "Point", "coordinates": [ -78.519, -0.2501 ] } },
{ "type": "Feature", "properties": { "Name": "RS Bussines tienda musical", "Tipos": "Espacio musical" }, "geometry": { "type": "Point", "coordinates": [ -78.5171, -0.2587 ] } },
{ "type": "Feature", "properties": { "Name": "Cifuentes Strings (Cuerdas Musicales)", "Tipos": "Espacio musical" }, "geometry": { "type": "Point", "coordinates": [ -78.489, -0.1777 ] } },
{ "type": "Feature", "properties": { "Name": "Casa Musical Sonido Bonito", "Tipos": "Espacio musical" }, "geometry": { "type": "Point", "coordinates": [ -78.5653, -0.3118 ] } },
{ "type": "Feature", "properties": { "Name": "Casa Musical Multiaudio", "Tipos": "Espacio musical" }, "geometry": { "type": "Point", "coordinates": [ -78.5505, -0.3262 ] } },
{ "type": "Feature", "properties": { "Name": "Pro Dj", "Tipos": "Espacio musical" }, "geometry": { "type": "Point", "coordinates": [ -78.496, -0.2065 ] } },
{ "type": "Feature", "properties": { "Name": "Sangucho Percusion", "Tipos": "Espacio musical" }, "geometry": { "type": "Point", "coordinates": [ -78.5106, -0.1898 ] } },
{ "type": "Feature", "properties": { "Name": "JG Electrónica Quito", "Tipos": "Espacio musical" }, "geometry": { "type": "Point", "coordinates": [ -78.5086, -0.2167 ] } },
{ "type": "Feature", "properties": { "Name": "CAME Music", "Tipos": "Espacio musical" }, "geometry": { "type": "Point", "coordinates": [ -78.4748, -0.1012 ] } },
{ "type": "Feature", "properties": { "Name": "VFC Todo Musical", "Tipos": "Espacio musical" }, "geometry": { "type": "Point", "coordinates": [ -78.5103, -0.2178 ] } },
{ "type": "Feature", "properties": { "Name": "Teknoventas", "Tipos": "Espacio musical" }, "geometry": { "type": "Point", "coordinates": [ -78.4762, -0.147 ] } },
{ "type": "Feature", "properties": { "Name": "Casa Musical Brass Muñoz", "Tipos": "Espacio musical" }, "geometry": { "type": "Point", "coordinates": [ -78.5097, -0.2179 ] } },
{ "type": "Feature", "properties": { "Name": "Satilik Ecuador", "Tipos": "Espacio musical" }, "geometry": { "type": "Point", "coordinates": [ -78.5031, -0.107 ] } },
{ "type": "Feature", "properties": { "Name": "Aumala Pianos", "Tipos": "Espacio musical" }, "geometry": { "type": "Point", "coordinates": [ -78.4843, -0.1751 ] } },
{ "type": "Feature", "properties": { "Name": "Cue Play", "Tipos": "Espacio musical" }, "geometry": { "type": "Point", "coordinates": [ -78.4417, -0.107 ] } },
{ "type": "Feature", "properties": { "Name": "Mundo del Dj 2", "Tipos": "Espacio musical" }, "geometry": { "type": "Point", "coordinates": [ -78.4201, -0.0994 ] } },
{ "type": "Feature", "properties": { "Name": "Music Service Ecuador", "Tipos": "Espacio musical" }, "geometry": { "type": "Point", "coordinates": [ -78.4859, -0.1769 ] } },
{ "type": "Feature", "properties": { "Name": "Guitar Shop & Repair", "Tipos": "Espacio musical" }, "geometry": { "type": "Point", "coordinates": [ -78.4912, -0.1858 ] } },
{ "type": "Feature", "properties": { "Name": "La Casa del D.J.", "Tipos": "Espacio musical" }, "geometry": { "type": "Point", "coordinates": [ -78.4543, -0.0536 ] } },
{ "type": "Feature", "properties": { "Name": "LAVA Records", "Tipos": "Espacio musical" }, "geometry": { "type": "Point", "coordinates": [ -78.4807, -0.2048 ] } },
{ "type": "Feature", "properties": { "Name": "Guitarras Cóndor", "Tipos": "Espacio musical" }, "geometry": { "type": "Point", "coordinates": [ -78.4218, -0.202 ] } },
{ "type": "Feature", "properties": { "Name": "Guitarras Granizo", "Tipos": "Espacio musical" }, "geometry": { "type": "Point", "coordinates": [ -78.4946, -0.2399 ] } },
{ "type": "Feature", "properties": { "Name": "Taller Laboratorio Pablo", "Tipos": "Espacio musical" }, "geometry": { "type": "Point", "coordinates": [ -78.5379, -0.2529 ] } },
{ "type": "Feature", "properties": { "Name": "Casa Musical Conde", "Tipos": "Espacio musical" }, "geometry": { "type": "Point", "coordinates": [ -78.5409, -0.276 ] } },
{ "type": "Feature", "properties": { "Name": "Guitarras Salazar", "Tipos": "Espacio musical" }, "geometry": { "type": "Point", "coordinates": [ -78.5408, -0.299 ] } },
{ "type": "Feature", "properties": { "Name": "Guitarras Cabero", "Tipos": "Espacio musical" }, "geometry": { "type": "Point", "coordinates": [ -78.542, -0.3002 ] } },
{ "type": "Feature", "properties": { "Name": "Zambaje", "Tipos": "Espacio musical" }, "geometry": { "type": "Point", "coordinates": [ -78.482, -0.098 ] } },
{ "type": "Feature", "properties": { "Name": "Instrumentos de Vientos Andinos Yánez", "Tipos": "Espacio musical" }, "geometry": { "type": "Point", "coordinates": [ -78.4235, -0.1206 ] } },
{ "type": "Feature", "properties": { "Name": "Taller San Fernando", "Tipos": "Espacio musical" }, "geometry": { "type": "Point", "coordinates": [ -78.5009, -0.1447 ] } },
{ "type": "Feature", "properties": { "Name": "M. S. Guitars", "Tipos": "Espacio musical" }, "geometry": { "type": "Point", "coordinates": [ -78.5016, -0.1252 ] } },
{ "type": "Feature", "properties": { "Name": "Guitarras Luthier Hugo Chiliquinga", "Tipos": "Espacio musical" }, "geometry": { "type": "Point", "coordinates": [ -78.5015, -0.1154 ] } },
{ "type": "Feature", "properties": { "Name": "Track 7 Estudio & Música", "Tipos": "Espacio musical" }, "geometry": { "type": "Point", "coordinates": [ -78.5011, -0.1234 ] } },
{ "type": "Feature", "properties": { "Name": "A&A sala de ensayo", "Tipos": "Espacio musical" }, "geometry": { "type": "Point", "coordinates": [ -78.504, -0.1742 ] } },
{ "type": "Feature", "properties": { "Name": "IguanaRecords by ZiuR ", "Tipos": "Espacio musical" }, "geometry": { "type": "Point", "coordinates": [ -78.4651, -0.1591 ] } },
{ "type": "Feature", "properties": { "Name": "Liveroom Sessions", "Tipos": "Espacio musical" }, "geometry": { "type": "Point", "coordinates": [ -78.496, -0.1802 ] } },
{ "type": "Feature", "properties": { "Name": "SONAR - Estudio de grabación y Sala de ensayos", "Tipos": "Espacio musical" }, "geometry": { "type": "Point", "coordinates": [ -78.5031, -0.1098 ] } },
{ "type": "Feature", "properties": { "Name": "Squirla Studio Records", "Tipos": "Espacio musical" }, "geometry": { "type": "Point", "coordinates": [ -78.5228, -0.209 ] } },
{ "type": "Feature", "properties": { "Name": "Levi Estudio ", "Tipos": "Espacio musical" }, "geometry": { "type": "Point", "coordinates": [ -78.4716, -0.1408 ] } },
{ "type": "Feature", "properties": { "Name": "Altavista Records", "Tipos": "Espacio musical" }, "geometry": { "type": "Point", "coordinates": [ -78.5455, -0.2537 ] } },
{ "type": "Feature", "properties": { "Name": "Groove Music Factory ", "Tipos": "Espacio musical" }, "geometry": { "type": "Point", "coordinates": [ -78.4786, -0.1744 ] } },
{ "type": "Feature", "properties": { "Name": "Semifusa Estudio", "Tipos": "Espacio musical" }, "geometry": { "type": "Point", "coordinates": [ -78.494, -0.1885 ] } },
{ "type": "Feature", "properties": { "Name": "Pluteras Recs.", "Tipos": "Espacio musical" }, "geometry": { "type": "Point", "coordinates": [ -78.5048, -0.1868 ] } },
{ "type": "Feature", "properties": { "Name": "Backline Estudio", "Tipos": "Espacio musical" }, "geometry": { "type": "Point", "coordinates": [ -78.5413, -0.2581 ] } },
{ "type": "Feature", "properties": { "Name": "Studio7", "Tipos": "Espacio musical" }, "geometry": { "type": "Point", "coordinates": [ -78.4965, -0.1998 ] } },
{ "type": "Feature", "properties": { "Name": "Runa Estudio", "Tipos": "Espacio musical" }, "geometry": { "type": "Point", "coordinates": [ -78.5071, -0.1922 ] } },
{ "type": "Feature", "properties": { "Name": "Circopompo Estudio de Grabación ", "Tipos": "Espacio musical" }, "geometry": { "type": "Point", "coordinates": [ -78.5019, -0.19 ] } },
{ "type": "Feature", "properties": { "Name": "Acústica Producciones", "Tipos": "Espacio musical" }, "geometry": { "type": "Point", "coordinates": [ -78.4903, -0.1688 ] } },
{ "type": "Feature", "properties": { "Name": "La Parada Producciones", "Tipos": "Espacio musical" }, "geometry": { "type": "Point", "coordinates": [ -78.5014, -0.2186 ] } },
{ "type": "Feature", "properties": { "Name": "Busker Productora de Audio ", "Tipos": "Espacio musical" }, "geometry": { "type": "Point", "coordinates": [ -78.4668, -0.1354 ] } },
{ "type": "Feature", "properties": { "Name": "Musikraft Studio", "Tipos": "Espacio musical" }, "geometry": { "type": "Point", "coordinates": [ -78.4784, -0.1572 ] } },
{ "type": "Feature", "properties": { "Name": "Magic Estudio", "Tipos": "Espacio musical" }, "geometry": { "type": "Point", "coordinates": [ -78.4944, -0.1836 ] } },
{ "type": "Feature", "properties": { "Name": null, "Tipos": null }, "geometry": null }
]
}
