{"type":"FeatureCollection","features":[{"type":"Feature","properties":{"dpa_parroq":"170132","dpa_despar":"TURUBAMBA"},"geometry":{"type":"Polygon","coordinates":[[[-78.5305370002823,-0.3194669995023422],[-78.53470199989732,-0.3157109998626692],[-78.53523699938793,-0.3134409995024713],[-78.5440460000228,-0.3121449999916433],[-78.54635399943751,-0.3105359995366704],[-78.54818400019145,-0.31341999943340837],[-78.55062999967473,-0.33063500010514585],[-78.54875000021227,-0.3431340000340239],[-78.54907399986519,-0.3601950007986353],[-78.54653599973653,-0.3603869997601673],[-78.54500899946571,-0.36224199986830014],[-78.53695799961193,-0.3589079999041616],[-78.5311970001414,-0.3602600001988234],[-78.52732000031774,-0.3554579999865858],[-78.52015200071425,-0.3562970000064421],[-78.51828400000653,-0.34779600008529354],[-78.51624400036029,-0.34480299965863853],[-78.51478999985856,-0.3345469997441889],[-78.51347100018646,-0.33327999977207884],[-78.51390100023089,-0.32757100000158346],[-78.5204910001595,-0.3254760005169591],[-78.52180299950876,-0.3198049998008442],[-78.52203999964621,-0.32104499942717213],[-78.5282209995994,-0.31445700049013237],[-78.52917599957269,-0.3185270002208785],[-78.5305370002823,-0.3194669995023422]]]}},{"type":"Feature","properties":{"dpa_parroq":"170131","dpa_despar":"SOLANDA"},"geometry":{"type":"Polygon","coordinates":[[[-78.52857100045128,-0.2706139994364631],[-78.52953299984799,-0.2692839992571643],[-78.53321100038733,-0.2688259997200451],[-78.537979999977,-0.2627219997204129],[-78.54276699949742,-0.2655909998247182],[-78.55067199981286,-0.2662210000989812],[-78.55283699982762,-0.2791890000721932],[-78.54336300000237,-0.2825249992292929],[-78.54102800024198,-0.2872769998336352],[-78.54054899973653,-0.28418799947653467],[-78.53673300002787,-0.28542699995601056],[-78.5306459999129,-0.27680399980469267],[-78.52857100045128,-0.2706139994364631]]]}},{"type":"Feature","properties":{"dpa_parroq":"170118","dpa_despar":"LA ECUATORIANA"},"geometry":{"type":"Polygon","coordinates":[[[-78.58792700013089,-0.28530999995650214],[-78.59243900045948,-0.2801970006909928],[-78.59883000020427,-0.2813999995103313],[-78.60695000054206,-0.28598699970024366],[-78.60822800012211,-0.288617999620955],[-78.60837899989087,-0.2975650003244897],[-78.61053399944448,-0.2959149997773349],[-78.61090799960446,-0.29905899997280083],[-78.60930000009489,-0.3044770007129145],[-78.60499900050343,-0.3056040005241329],[-78.6008899998736,-0.3105799997671038],[-78.60234999975265,-0.3183560004290503],[-78.60731400024086,-0.3232159997185712],[-78.60185399936255,-0.3256490004009295],[-78.6008639995739,-0.32995600026912214],[-78.60255100002857,-0.333354999633436],[-78.60001900017669,-0.33390699990811584],[-78.60094200047294,-0.338773000373626],[-78.59850500050528,-0.33914599958811714],[-78.5984709998367,-0.3402300001143323],[-78.58635299949127,-0.3349279993276178],[-78.58324199991831,-0.3354239997177339],[-78.5824989998289,-0.3331959994956873],[-78.57980899988544,-0.3316369995478289],[-78.5781309998457,-0.33256700016687984],[-78.57511400011099,-0.3311680004028286],[-78.57104800056479,-0.32550500005567706],[-78.56702999963468,-0.3156759991479874],[-78.56261900036647,-0.31352800081653703],[-78.56201200025352,-0.3158270007154529],[-78.55830300008336,-0.3150619996115109],[-78.55942299957171,-0.3081039997996787],[-78.55846500035945,-0.291871999493139],[-78.56142300007137,-0.2903580007210807],[-78.5695790002706,-0.2920379999536909],[-78.57103499996526,-0.29634100053669105],[-78.57617499957651,-0.292931999811938],[-78.57648899966755,-0.2915940001629333],[-78.57897500009612,-0.29084899998130403],[-78.57747899945622,-0.2892479998951926],[-78.58792700013089,-0.28530999995650214]]]}},{"type":"Feature","properties":{"dpa_parroq":"170123","dpa_despar":"MARISCAL SUCRE"},"geometry":{"type":"Polygon","coordinates":[[[-78.49501900002674,-0.1958080004388169],[-78.4994150004019,-0.20637700039824314],[-78.49165800061621,-0.21246199952160832],[-78.4811260005644,-0.21212300007634338],[-78.4791419999033,-0.20472200051979927],[-78.47980100061561,-0.20094199977341462],[-78.48289999963524,-0.2035860002935847],[-78.4864670004517,-0.20212100018396606],[-78.48433399921464,-0.19870299994346144],[-78.49501900002674,-0.1958080004388169]]]}},{"type":"Feature","properties":{"dpa_parroq":"170127","dpa_despar":"RUMIPAMBA"},"geometry":{"type":"Polygon","coordinates":[[[-78.49590000018479,-0.15420400011448532],[-78.49744300029421,-0.15413099944601302],[-78.49578399933202,-0.16121600061790728],[-78.50334299987955,-0.16090199962751323],[-78.50275799988172,-0.16380999973160376],[-78.49864299987448,-0.1634770005630835],[-78.49878300003536,-0.16826799936865827],[-78.50368100017798,-0.16708700066441562],[-78.50345599969461,-0.16567700039316238],[-78.5054019995026,-0.16944499968694027],[-78.50811400046065,-0.16986299917801223],[-78.50587200049237,-0.16833799989870096],[-78.5065330003976,-0.16585800064618508],[-78.50694100032689,-0.16740900022510566],[-78.50916000013385,-0.16809799962291389],[-78.50791900046148,-0.16603399976920058],[-78.51115000017232,-0.1685180001055635],[-78.50997499994631,-0.16633700025235446],[-78.51499300022674,-0.17372400006249877],[-78.51270899922083,-0.16735200029453443],[-78.51432800013706,-0.1659209999541674],[-78.51353300034762,-0.1673800006864004],[-78.51603900079918,-0.16913000044912965],[-78.51806200056086,-0.17297899988090765],[-78.51686299922801,-0.1673730003635846],[-78.51789799929318,-0.16637600025215243],[-78.51999099958496,-0.17215100036834244],[-78.51934700046363,-0.16704699971917472],[-78.52085299976606,-0.1710360002112035],[-78.52077599981246,-0.1668880004808232],[-78.52284499989676,-0.16995799996168215],[-78.52200799996912,-0.1664719992832898],[-78.52294800015002,-0.16615399990708773],[-78.52220500006068,-0.16693399990409064],[-78.52333799924924,-0.16886800005808136],[-78.52403800005362,-0.16611099972285265],[-78.52449099936004,-0.16875999957423546],[-78.52469000044312,-0.16657399949042914],[-78.52527799967991,-0.16778899976243802],[-78.52574899981649,-0.16630399962976397],[-78.53236899932986,-0.16425700056011186],[-78.53731800002562,-0.16391900026160983],[-78.54151700030924,-0.16599700076087845],[-78.54627700038321,-0.1631219994806602],[-78.55545099986368,-0.16549700018631255],[-78.5508839996968,-0.16864699975912595],[-78.54740100005608,-0.16854600049745494],[-78.52740100045578,-0.17689199956608542],[-78.52446800009804,-0.17644099945247388],[-78.51456400022838,-0.1799280001770264],[-78.51286199998125,-0.1758999996851742],[-78.51188900007722,-0.1758999996851742],[-78.50844000020578,-0.17744499988678547],[-78.50847299992898,-0.18219100021445936],[-78.50510600024164,-0.18113299998791707],[-78.50287099969678,-0.1837589996780057],[-78.49540500074015,-0.1864260003595463],[-78.49040000015985,-0.18353900032453138],[-78.4855840002014,-0.16021200018362114],[-78.4874419995486,-0.16148100024794976],[-78.48861299959017,-0.15586499937016213],[-78.4918459993933,-0.1566020000822],[-78.49226299973755,-0.1547549994436077],[-78.49590000018479,-0.15420400011448532]]]}},{"type":"Feature","properties":{"dpa_parroq":"170126","dpa_despar":"QUITUMBE"},"geometry":{"type":"Polygon","coordinates":[[[-78.54441199981389,-0.2824049999907394],[-78.55283699982762,-0.2791890000721932],[-78.55877799950505,-0.2926640000435423],[-78.55889100021943,-0.310122000230061],[-78.54697400014992,-0.3103029995837119],[-78.5440460000228,-0.3121449999916433],[-78.53523699938793,-0.3134409995024713],[-78.53470199989732,-0.3157109998626692],[-78.53037500000622,-0.3194950007935927],[-78.5282209995994,-0.31445700049013237],[-78.52203999964621,-0.32104499942717213],[-78.52180299950876,-0.3198049998008442],[-78.5204910001595,-0.3254760005169591],[-78.5139719999078,-0.32750599970203625],[-78.51345499944864,-0.32966800047776007],[-78.51354299990943,-0.3250770001034233],[-78.51610600029167,-0.31724300036410447],[-78.5171819995496,-0.3168330003426367],[-78.51615699994555,-0.313084000126484],[-78.5182140003758,-0.31162699948641864],[-78.51855900009775,-0.30771799998562704],[-78.5167060000818,-0.30533100052517803],[-78.51712300042603,-0.3034049998407915],[-78.51295000044212,-0.2903060001217222],[-78.51616500031443,-0.2909759995426861],[-78.51745700054009,-0.2957580006311765],[-78.51876200046591,-0.29733200037140395],[-78.52055500041291,-0.2971690000492563],[-78.52765500047785,-0.29501700063395886],[-78.52707699990353,-0.29412299987647983],[-78.53336900047891,-0.29318499978783746],[-78.53572000007789,-0.29031999986808377],[-78.5362379996839,-0.2910740004646838],[-78.54029099953,-0.2883209994145077],[-78.54329599961065,-0.28259299966715523],[-78.54441199981389,-0.2824049999907394]]]}},{"type":"Feature","properties":{"dpa_parroq":"170154","dpa_despar":"CALACALI"},"geometry":{"type":"Polygon","coordinates":[[[-78.55960999920205,0.15501300074940588],[-78.56032499979884,0.15365500017816477],[-78.555139999911,0.14439899961417968],[-78.55314499964197,0.13585899969318224],[-78.55855399996712,0.12526800051786657],[-78.55899200038048,0.1207910000047486],[-78.55467299995895,0.11718400004159166],[-78.54862599988994,0.10440400064415459],[-78.54978399933206,0.08107399946555743],[-78.54790900010023,0.07586600031581359],[-78.54890500016553,0.06478500012775476],[-78.55075399999711,0.0619929999770761],[-78.55204099999213,0.0619929999770761],[-78.55259000012836,0.05898399971189185],[-78.55449299975209,0.06229000018345983],[-78.5549350003499,0.05933499971056988],[-78.55667700064305,0.06162899937885029],[-78.55639599937582,0.06075200030465165],[-78.56021500012208,0.05964599966320069],[-78.5611400005106,0.06064399982089481],[-78.56229199967596,0.05835100019859645],[-78.566778999751,0.05797499994636753],[-78.57304000069543,0.04865000069707812],[-78.57806600044549,0.04944499958714192],[-78.57895800021154,0.0473029997337054],[-78.58350399941001,0.04797699933918273],[-78.58612799990722,0.04605999996910056],[-78.59127399979522,0.04666499998974912],[-78.59070800067366,0.04115599954977446],[-78.59285200061927,0.03975699978583775],[-78.59220100027592,0.03839299983716014],[-78.59417300038368,0.03581999989312931],[-78.5952879996414,0.03595799996177699],[-78.59765600002439,0.03281499981250938],[-78.60137799989474,0.03464599971325146],[-78.60768999959382,0.02618399979181182],[-78.60314500044133,0.02198800054588194],[-78.60271599954373,0.01944900037114089],[-78.5977760001622,0.01722200019515265],[-78.59089799954299,0.00995100033848382],[-78.5890180000806,0.00319499994939089],[-78.58566800027796,0.00079599993561785],[-78.58690499976588,-0.00083399968930056],[-78.58472400081196,-0.00289400025788498],[-78.58301700033427,-0.00902200046485707],[-78.56457299964416,-0.01294899989634554],[-78.55667699974373,-0.01290999989649667],[-78.54561100024743,-0.0216520001396179],[-78.53717800076407,-0.02229199997579273],[-78.53211899949216,-0.02960800010908058],[-78.52616099993016,-0.03266499988973809],[-78.51946000027874,-0.03815599949969491],[-78.50876200066571,-0.0396000004396479],[-78.49714099985721,-0.04723600004130545],[-78.49079700048118,-0.04889199996578225],[-78.48721299978003,-0.04716100017998642],[-78.48507300001887,-0.04791599992338754],[-78.4804099999215,-0.04202500075315744],[-78.48064800010506,-0.0364289998983489],[-78.47897400024985,-0.03249200000569134],[-78.48340000020983,-0.01242299992145312],[-78.4906229996517,-0.00390600016174985],[-78.48530299983355,0.01104999975777259],[-78.47799400002305,0.01677400021997069],[-78.48117999945735,0.02210999987671763],[-78.4818230003312,0.03030299998355048],[-78.47722900071776,0.04902600004998612],[-78.47819400025286,0.05873800005877008],[-78.48215400030683,0.0608080001891645],[-78.48419600004532,0.06490400021954537],[-78.48205200009971,0.07345899993298823],[-78.46879199925132,0.09552999970982218],[-78.46969200028552,0.104560999790313],[-78.46729399941844,0.11159200027064291],[-78.46418599998387,0.11505900007289545],[-78.46396199954657,0.11953599968665435],[-78.46626000029876,0.1248020006119241],[-78.46395099993869,0.12735700062514352],[-78.46295900005775,0.1312989998490138],[-78.46781700015437,0.13219899998389115],[-78.47240700048262,0.13491700031943638],[-78.47649099995967,0.13409400013807118],[-78.48234900030606,0.12345699974076993],[-78.49181099957792,0.11792000070749478],[-78.49279299989702,0.11552099979431177],[-78.49597800018452,0.11447400007512419],[-78.49816999964571,0.1106720001127356],[-78.5002370005371,0.1114350002251127],[-78.50265699972071,0.10935000030231103],[-78.5051720005873,0.10979599928601712],[-78.51146900049393,0.11421199968405045],[-78.51510800013405,0.11488099995823872],[-78.5179000002847,0.11840100040585724],[-78.52050699999799,0.1194349995257006],[-78.52124299976458,0.12702799984235494],[-78.52542600020969,0.13018199959968177],[-78.52802999978461,0.12981500066184629],[-78.53203099993068,0.13206600014585346],[-78.53311899974196,0.1366290001283497],[-78.5352330001028,0.1378900007229978],[-78.53614099970736,0.14218299994560973],[-78.53776499995475,0.14393699989266157],[-78.53711999988802,0.14774999946298215],[-78.53841000002141,0.14927500054103704],[-78.5404050002905,0.1505059997521143],[-78.54362999972466,0.15032999972981606],[-78.54621100003756,0.15291100004269564],[-78.54738400017139,0.1523830008748547],[-78.55389500005418,0.15942099987930772],[-78.55960999920205,0.15501300074940588]]]}},{"type":"Feature","properties":{"dpa_parroq":"170113","dpa_despar":"ITCHIMBIA"},"geometry":{"type":"Polygon","coordinates":[[[-78.45324099977226,-0.19150200061675898],[-78.45118100010302,-0.19021399967629055],[-78.45247200028253,-0.18905800032637965],[-78.45606300040707,-0.19152800001709822],[-78.45827299979908,-0.1907300000893221],[-78.46015000002248,-0.1922859998989544],[-78.4687530001508,-0.19426500032941146],[-78.4768840000965,-0.190135000529779],[-78.47819999963022,-0.1910269993964485],[-78.47452799936765,-0.1936409994325213],[-78.47679599963558,-0.19491000039609452],[-78.47993499960049,-0.20022700007592076],[-78.4791419999033,-0.20472200051979927],[-78.4811260005644,-0.21212300007634338],[-78.49165800061621,-0.21246199952160832],[-78.4994150004019,-0.20637700039824314],[-78.50488400079597,-0.2166070000129817],[-78.50209399983817,-0.2185549999133213],[-78.50344400004055,-0.2192200000029325],[-78.50471700028929,-0.22582999995449082],[-78.50595599986947,-0.22606499999968063],[-78.50599100058417,-0.22987800046924578],[-78.50390100043079,-0.2311319998418462],[-78.50624300051402,-0.23011099952288339],[-78.50694899979645,-0.22745800038635894],[-78.50683800007364,-0.2304829995906879],[-78.50978999950881,-0.23049800028244155],[-78.5093730000639,-0.23264999969764988],[-78.5059689995696,-0.2321019996075344],[-78.50238399972176,-0.2332530005254517],[-78.4906999996053,-0.22121200013366737],[-78.48290800000417,-0.2226119999437897],[-78.4805569995059,-0.2188310000505658],[-78.47412800070663,-0.22028000032169334],[-78.47251800020548,-0.21772300021628083],[-78.47130700011789,-0.21835200044446004],[-78.47172199947067,-0.22024599965309538],[-78.46694600045751,-0.22027200085206372],[-78.4598890005769,-0.20483799957395388],[-78.45659699985158,-0.20130300023322356],[-78.45643399952938,-0.197181000802478],[-78.45504500022656,-0.19583099970084106],[-78.45195399977725,-0.1967849996280127],[-78.44806300020724,-0.19388299980052692],[-78.44639700072096,-0.19429599996039887],[-78.44629999984504,-0.19249199950611803],[-78.44993300010783,-0.19298599980400283],[-78.44988999992354,-0.19104800036489594],[-78.4527650003045,-0.19282799971236333],[-78.45324099977226,-0.19150200061675898]]]}},{"type":"Feature","properties":{"dpa_parroq":"170111","dpa_despar":"GUAMANI"},"geometry":{"type":"Polygon","coordinates":[[[-78.5523239995529,-0.31026699972220356],[-78.55778200033895,-0.30950100037076866],[-78.55889100021943,-0.310122000230061],[-78.55830300008336,-0.3150619996115109],[-78.56201200025352,-0.3158270007154529],[-78.56261900036647,-0.31352800081653703],[-78.56702999963468,-0.3156759991479874],[-78.57104800056479,-0.32550500005567706],[-78.57511400011099,-0.3311680004028286],[-78.5781309998457,-0.33256700016687984],[-78.57980899988544,-0.3316369995478289],[-78.5824989998289,-0.3331959994956873],[-78.58324199991831,-0.3354239997177339],[-78.58622800002215,-0.33488899932778166],[-78.59813299953828,-0.3399140008304251],[-78.59669699986655,-0.34234199948367156],[-78.59792599988492,-0.34464200032799214],[-78.59752200014013,-0.34887799961995647],[-78.59920999974167,-0.351571999747882],[-78.59383700017736,-0.3517709999316143],[-78.58508100018796,-0.3550300000344338],[-78.57360700076242,-0.35426599987597285],[-78.5712390003795,-0.35623000051404813],[-78.56522399998752,-0.357254000071967],[-78.56217099949197,-0.3591209998342174],[-78.55762800043186,-0.35582699991607525],[-78.54907399986519,-0.3601950007986353],[-78.54870600088124,-0.3440420005378518],[-78.55045300050551,-0.3267970002812489],[-78.54818400019145,-0.31341999943340837],[-78.54635399943751,-0.3105359995366704],[-78.5523239995529,-0.31026699972220356]]]}},{"type":"Feature","properties":{"dpa_parroq":"170108","dpa_despar":"CHILLOGALLO"},"geometry":{"type":"Polygon","coordinates":[[[-78.5640950000841,-0.26368899934778595],[-78.5690100001114,-0.25307999934246517],[-78.56928600024862,-0.24721299948026673],[-78.57208199968444,-0.25670500013557634],[-78.57838800000617,-0.26169900020859055],[-78.5834390000098,-0.263805999347358],[-78.59640099970639,-0.26383299969312746],[-78.60509999976507,-0.2741020002070994],[-78.60605399969229,-0.27797500074562725],[-78.60992799937766,-0.2832520003794699],[-78.61053399944448,-0.2959149997773349],[-78.60837899989087,-0.2975650003244897],[-78.60822800012211,-0.288617999620955],[-78.60695000054206,-0.28598699970024366],[-78.59883000020427,-0.2813999995103313],[-78.59386699976218,-0.28019699979167184],[-78.59183699967777,-0.28042299942186544],[-78.58920599975701,-0.28470899922084253],[-78.58451900035153,-0.2874110006170522],[-78.57747899945622,-0.2892479998951926],[-78.57897500009612,-0.29084899998130403],[-78.57648899966755,-0.2915940001629333],[-78.57617499957651,-0.292931999811938],[-78.57103499996526,-0.29634100053669105],[-78.5695790002706,-0.2920379999536909],[-78.56142300007137,-0.2903580007210807],[-78.55846500035945,-0.291871999493139],[-78.5524220004749,-0.2764790001056621],[-78.56338700070945,-0.2680099998615212],[-78.56498699985013,-0.2650690000342374],[-78.5640950000841,-0.26368899934778595]]]}},{"type":"Feature","properties":{"dpa_parroq":"170122","dpa_despar":"LA MENA"},"geometry":{"type":"Polygon","coordinates":[[[-78.55239099994462,-0.2343609994605557],[-78.55349099941003,-0.2227550002430092],[-78.55496599998084,-0.22050399985965566],[-78.55716699985712,-0.22593900048442056],[-78.55787800026944,-0.23323999992596753],[-78.56484699968918,-0.23997299925443263],[-78.56934499937215,-0.24816400016838056],[-78.56752600002486,-0.2573719994181615],[-78.56365200033947,-0.2632439995109191],[-78.56498699985013,-0.2650690000342374],[-78.56338700070945,-0.2680099998615212],[-78.5524220004749,-0.2764790001056621],[-78.55094800084953,-0.26599400042274196],[-78.54187199959306,-0.2558799998620053],[-78.54464999999752,-0.25448200014416517],[-78.54690599971207,-0.24819799993765762],[-78.55007900034555,-0.2456509993940551],[-78.55239099994462,-0.2343609994605557]]]}},{"type":"Feature","properties":{"dpa_parroq":"170128","dpa_despar":"SAN BARTOLO"},"geometry":{"type":"Polygon","coordinates":[[[-78.52857100045128,-0.2706139994364631],[-78.52327599998739,-0.26133300041759433],[-78.52228600019873,-0.25430200083663623],[-78.5233209993646,-0.25585299951627405],[-78.52652400048217,-0.25199100038430733],[-78.52976299966268,-0.25235900026756025],[-78.5306800005815,-0.24967599974752858],[-78.53403699980765,-0.2505879995365108],[-78.5364949998443,-0.24921299997993937],[-78.55106499994972,-0.26628699954531676],[-78.54276699949742,-0.2655909998247182],[-78.537979999977,-0.2627219997204129],[-78.53321100038733,-0.2688259997200451],[-78.52953299984799,-0.2692839992571643],[-78.52857100045128,-0.2706139994364631]]]}},{"type":"Feature","properties":{"dpa_parroq":"170121","dpa_despar":"LA MAGDALENA"},"geometry":{"type":"Polygon","coordinates":[[[-78.51425600041402,-0.2341879995764835],[-78.5185509997288,-0.23623899973000814],[-78.51853599993643,-0.24022099989914478],[-78.51987700062303,-0.2369849999576831],[-78.5193380000486,-0.2348670003118154],[-78.52131100020243,-0.23621699961481052],[-78.52295299948128,-0.2351400003106939],[-78.52382700021587,-0.23158600009379832],[-78.52565800011656,-0.2352700000104038],[-78.5321359993768,-0.24146099952545994],[-78.5364949998443,-0.24921299997993937],[-78.53403699980765,-0.2505879995365108],[-78.5306800005815,-0.24967599974752858],[-78.52976299966268,-0.25235900026756025],[-78.52652400048217,-0.25199100038430733],[-78.5233209993646,-0.25585299951627405],[-78.51425600041402,-0.2341879995764835]]]}},{"type":"Feature","properties":{"dpa_parroq":"170124","dpa_despar":"PONCEANO"},"geometry":{"type":"Polygon","coordinates":[[[-78.46759699990156,-0.09618600008377758],[-78.47216700020687,-0.09193900028458575],[-78.4758920002156,-0.09093399980415216],[-78.48356499972489,-0.0950669997421888],[-78.48496899971948,-0.09764499991677873],[-78.48809099979977,-0.09642899959859697],[-78.48731499998722,-0.10023299965312776],[-78.488196999292,-0.10276699959727156],[-78.49139800031739,-0.10208300043006058],[-78.49436199940669,-0.10330900031001417],[-78.49580300020823,-0.1017769998085916],[-78.49743900010975,-0.10253700068196178],[-78.49824400036026,-0.10708099978822914],[-78.49477100028142,-0.11292799962748669],[-78.49385099922422,-0.1230770000035079],[-78.48654000022073,-0.12359199947112197],[-78.4808479994356,-0.12627599913799287],[-78.47838900025208,-0.10946500000968398],[-78.47370500008564,-0.10282799971236894],[-78.47224400016047,-0.10489499970438465],[-78.47072999958976,-0.10444000030572052],[-78.46901899982689,-0.10201600003832026],[-78.47017499917683,-0.09818100035282751],[-78.46759699990156,-0.09618600008377758]]]}},{"type":"Feature","properties":{"dpa_parroq":"170116","dpa_despar":"LA ARGELIA"},"geometry":{"type":"Polygon","coordinates":[[[-78.52104299953477,-0.2702040003142907],[-78.52714200020313,-0.2672519999797541],[-78.53098400021135,-0.27735500003322505],[-78.53673300002787,-0.28542699995601056],[-78.54054899973653,-0.28418799947653467],[-78.54102800024198,-0.2872769998336352],[-78.5362379996839,-0.2910740004646838],[-78.53572000007789,-0.29031999986808377],[-78.53331399974125,-0.29321400022586364],[-78.52707699990353,-0.29412299987647983],[-78.52765500047785,-0.29501700063395886],[-78.51876200046591,-0.29733200037140395],[-78.51616500031443,-0.2909759995426861],[-78.51295000044212,-0.2903060001217222],[-78.51401600013827,-0.28507700000348],[-78.51141399975627,-0.286400999906174],[-78.50852199949063,-0.2845999995902719],[-78.50628499975289,-0.2788469995892668],[-78.50771800018556,-0.27472900034302195],[-78.51017300008384,-0.2737290000931856],[-78.5102159993688,-0.2726000001898123],[-78.52104299953477,-0.2702040003142907]]]}},{"type":"Feature","properties":{"dpa_parroq":"170119","dpa_despar":"LA FERROVIARIA"},"geometry":{"type":"Polygon","coordinates":[[[-78.50115300051048,-0.24299999945032652],[-78.50620899984548,-0.2381280005067262],[-78.50701800028044,-0.2473610000100326],[-78.50967699969375,-0.24918299949574033],[-78.51280900023511,-0.24936899997927126],[-78.5124109998677,-0.2508429996046924],[-78.51412799990726,-0.25196600013078185],[-78.5172120000337,-0.24971999997793656],[-78.51903499956549,-0.25261000015130475],[-78.52213799966889,-0.25367699989356046],[-78.52309999996498,-0.2608639994739522],[-78.52714200020313,-0.2672519999797541],[-78.52514100055667,-0.26895599941980586],[-78.5102159993688,-0.2726000001898123],[-78.51017300008384,-0.2737290000931856],[-78.50771800018556,-0.27472900034302195],[-78.50547200003271,-0.2793929995872528],[-78.50428200001424,-0.26553100065514],[-78.49871099941305,-0.25647700041318966],[-78.5010310002804,-0.2509750002959799],[-78.50282700036576,-0.24984699953933134],[-78.50037200046737,-0.2433589998179296],[-78.50115300051048,-0.24299999945032652]]]}},{"type":"Feature","properties":{"dpa_parroq":"170107","dpa_despar":"CHILIBULO"},"geometry":{"type":"Polygon","coordinates":[[[-78.54848000035169,-0.21390799965433172],[-78.54922799977227,-0.21298200011914056],[-78.55496599998084,-0.22050399985965566],[-78.55349099941003,-0.2227550002430092],[-78.55364100003206,-0.22809400003800762],[-78.55007900034555,-0.2456509993940551],[-78.54690599971207,-0.24819799993765762],[-78.54464999999752,-0.25448200014416517],[-78.54187199959306,-0.2558799998620053],[-78.53465600047399,-0.24694600065739022],[-78.5321359993768,-0.24146099952545994],[-78.52526800011805,-0.23476100081949625],[-78.52910900008027,-0.23075999977409256],[-78.5302120005833,-0.23342900054791532],[-78.53235400043673,-0.2330900002032913],[-78.53304099974228,-0.22797099976179264],[-78.53484500019658,-0.2303220002600161],[-78.53526100049476,-0.226443999490891],[-78.53298599990396,-0.22283800047331692],[-78.5353710001715,-0.21861999931345852],[-78.54040800042884,-0.2166649999897131],[-78.53921300017973,-0.21591399953136456],[-78.54170700007798,-0.21373499977038676],[-78.54848000035169,-0.21390799965433172]]]}},{"type":"Feature","properties":{"dpa_parroq":"170115","dpa_despar":"KENNEDY"},"geometry":{"type":"Polygon","coordinates":[[[-78.4855840002014,-0.16021200018362114],[-78.47710299940385,-0.15442199937569023],[-78.46750099997111,-0.15377799935512917],[-78.46565899956312,-0.15484299990448727],[-78.46382599957018,-0.15183300049255283],[-78.46930600047149,-0.14746199947165223],[-78.47136300000237,-0.1273120001486839],[-78.47293499965046,-0.1270119998039469],[-78.47556500042441,-0.12102199966552073],[-78.48012399932307,-0.12018800077556989],[-78.4808479994356,-0.12627599913799287],[-78.49009799972285,-0.12302400025737376],[-78.48923300030269,-0.12772000007788226],[-78.4880970000764,-0.12835000035223437],[-78.48704500012657,-0.1388989993892461],[-78.48604699996908,-0.13865199969001504],[-78.4837919994012,-0.14755099997855198],[-78.4855840002014,-0.16021200018362114]]]}},{"type":"Feature","properties":{"dpa_parroq":"170109","dpa_despar":"CHIMBACALLE"},"geometry":{"type":"Polygon","coordinates":[[[-78.51425600041402,-0.2341879995764835],[-78.51910799933465,-0.24479199935121973],[-78.52176900063881,-0.2543409999371006],[-78.5172120000337,-0.24971999997793656],[-78.51412799990726,-0.25196600013078185],[-78.5124109998677,-0.2508429996046924],[-78.51280900023511,-0.24936899997927126],[-78.50967699969375,-0.24918299949574033],[-78.50701800028044,-0.2473610000100326],[-78.50620899984548,-0.2381280005067262],[-78.50819200046045,-0.23673400007401493],[-78.50616799975334,-0.23715799984171712],[-78.50514700033372,-0.2324240000675199],[-78.5093730000639,-0.23264999969764988],[-78.51010100036088,-0.23446300056692693],[-78.51425600041402,-0.2341879995764835]]]}},{"type":"Feature","properties":{"dpa_parroq":"170125","dpa_despar":"PUENGASI"},"geometry":{"type":"Polygon","coordinates":[[[-78.46694600045751,-0.22027200085206372],[-78.47172199947067,-0.22024599965309538],[-78.47130700011789,-0.21835200044446004],[-78.47251800020548,-0.21772300021628083],[-78.47412800070663,-0.22028000032169334],[-78.4805569995059,-0.2188310000505658],[-78.48290800000417,-0.2226119999437897],[-78.4906999996053,-0.22121200013366737],[-78.50238399972176,-0.2332530005254517],[-78.50514700033372,-0.2324240000675199],[-78.50616799975334,-0.23715799984171712],[-78.50819200046045,-0.23673400007401493],[-78.50037200046737,-0.2433589998179296],[-78.50282700036576,-0.24984699953933134],[-78.5010310002804,-0.2509750002959799],[-78.50049099965987,-0.2532479998951974],[-78.49419300060649,-0.25546300041706804],[-78.49111099967286,-0.25799600031508985],[-78.48409099969983,-0.2548119991743448],[-78.48324000002593,-0.24897399975024886],[-78.4789969995119,-0.24923000076382248],[-78.47991199943917,-0.24768400051615283],[-78.47681500051179,-0.2464900003131814],[-78.47469400072751,-0.2427630002122391],[-78.47299699981163,-0.23616000058352202],[-78.47102999993449,-0.23483099955088438],[-78.47129099938006,-0.23279700018134467],[-78.4690870002648,-0.22905400024187308],[-78.46887900056538,-0.22478999965870908],[-78.46694600045751,-0.22027200085206372]]]}},{"type":"Feature","properties":{"dpa_parroq":"170117","dpa_despar":"LA CONCEPCION"},"geometry":{"type":"Polygon","coordinates":[[[-78.4855840002014,-0.16021200018362114],[-78.4837919994012,-0.14755099997855198],[-78.48604699996908,-0.13865199969001504],[-78.48704500012657,-0.1388989993892461],[-78.4880970000764,-0.12835000035223437],[-78.48923300030269,-0.12772000007788226],[-78.49009799972285,-0.12302500030348304],[-78.49385099922422,-0.1230770000035079],[-78.49401199945417,-0.12927999917259259],[-78.49489699979661,-0.12937000062492254],[-78.50149099990965,-0.12917699981860126],[-78.50209800002267,-0.12374800036983838],[-78.50314100045675,-0.12378100009296798],[-78.50330199978745,-0.13076900038899922],[-78.50223999937643,-0.13057499953656865],[-78.50109800067213,-0.14022300019126105],[-78.49744300029421,-0.15413099944601302],[-78.49233199932227,-0.1547189995820994],[-78.4918459993933,-0.1566020000822],[-78.48861299959017,-0.15586499937016213],[-78.4874419995486,-0.16148100024794976],[-78.4855840002014,-0.16021200018362114]]]}},{"type":"Feature","properties":{"dpa_parroq":"170104","dpa_despar":"COCHAPAMBA"},"geometry":{"type":"Polygon","coordinates":[[[-78.5064739994755,-0.11794800000008475],[-78.51370900037004,-0.1209729992045155],[-78.51627000065993,-0.125499000178626],[-78.52236700033677,-0.12899099933512123],[-78.52913000014934,-0.1291479993806387],[-78.53785599965461,-0.1342489998913514],[-78.54080099966635,-0.1367550003429374],[-78.54407599960771,-0.1452489999413592],[-78.55341300030963,-0.15908700046460858],[-78.56025800030638,-0.16035100029835264],[-78.56788099930858,-0.16405899952314243],[-78.56138099993312,-0.16709400008801228],[-78.54941300020975,-0.163358999618094],[-78.54573499967049,-0.16324000042559886],[-78.54151700030924,-0.16599700076087845],[-78.53731800002562,-0.16391900026160983],[-78.53236899932986,-0.16425700056011186],[-78.52574899981649,-0.16630399962976397],[-78.52527799967991,-0.16778899976243802],[-78.52469000044312,-0.16657399949042914],[-78.52449099936004,-0.16875999957423546],[-78.52403800005362,-0.16611099972285265],[-78.52333799924924,-0.16886800005808136],[-78.52220500006068,-0.16693399990409064],[-78.52294800015002,-0.16615399990708773],[-78.52200799996912,-0.1664719992832898],[-78.52284499989676,-0.16995799996168215],[-78.52077599981246,-0.1668880004808232],[-78.52085299976606,-0.1710360002112035],[-78.51934700046363,-0.16704699971917472],[-78.51999099958496,-0.17215100036834244],[-78.51789799929318,-0.16637600025215243],[-78.51686299922801,-0.1673730003635846],[-78.51806200056086,-0.17297899988090765],[-78.51603900079918,-0.16913000044912965],[-78.51353300034762,-0.1673800006864004],[-78.51432800013706,-0.1659209999541674],[-78.51270899922083,-0.16735200029453443],[-78.51499300022674,-0.17372400006249877],[-78.50997499994631,-0.16633700025235446],[-78.51115000017232,-0.1685180001055635],[-78.50791900046148,-0.16603399976920058],[-78.50916000013385,-0.16809799962291389],[-78.50694100032689,-0.16740900022510566],[-78.5065330003976,-0.16585800064618508],[-78.50587200049237,-0.16833799989870096],[-78.50811400046065,-0.16986299917801223],[-78.5054019995026,-0.16944499968694027],[-78.50345599969461,-0.16567700039316238],[-78.50368100017798,-0.16708700066441562],[-78.49878300003536,-0.16826799936865827],[-78.49864299987448,-0.1634770005630835],[-78.50275799988172,-0.16380999973160376],[-78.50334299987955,-0.16090199962751323],[-78.49578399933202,-0.16121600061790728],[-78.50109800067213,-0.14022300019126105],[-78.50223999937643,-0.13057499953656865],[-78.50330199978745,-0.13076900038899922],[-78.50307400006501,-0.12400599967709047],[-78.5064189996371,-0.12001900017666478],[-78.5064739994755,-0.11794800000008475]]]}},{"type":"Feature","properties":{"dpa_parroq":"170120","dpa_despar":"LA LIBERTAD"},"geometry":{"type":"Polygon","coordinates":[[[-78.53293899953516,-0.21569800036234002],[-78.53776199981637,-0.2121160006528612],[-78.53794200002322,-0.21352299988649115],[-78.53553799977884,-0.21570499978586036],[-78.54057600008228,-0.21256799991323566],[-78.53921300017973,-0.21591399953136456],[-78.54040800042884,-0.2166649999897131],[-78.53679900037355,-0.21749199945608],[-78.53335699992553,-0.2216230002012317],[-78.53365700027027,-0.22498399961184418],[-78.53526100049476,-0.226443999490891],[-78.53484500019658,-0.2303220002600161],[-78.53304099974228,-0.22797099976179264],[-78.53235400043673,-0.2330900002032913],[-78.5302120005833,-0.23342900054791532],[-78.52910900008027,-0.23075999977409256],[-78.52526800011805,-0.23476100081949625],[-78.52238899955265,-0.22739499927974755],[-78.52382199998526,-0.22635599992942143],[-78.52099000068796,-0.2179159992239094],[-78.52579400009301,-0.2142399996761781],[-78.53168300007036,-0.21474200034298802],[-78.53012900035301,-0.21857800007461547],[-78.53293899953516,-0.21569800036234002]]]}},{"type":"Feature","properties":{"dpa_parroq":"170106","dpa_despar":"COTOCOLLAO"},"geometry":{"type":"Polygon","coordinates":[[[-78.50635999961425,-0.11763900013965976],[-78.50623099996062,-0.12030599992193032],[-78.50209800002267,-0.12374800036983838],[-78.50149099990965,-0.12917699981860126],[-78.49401199945417,-0.12927999917259259],[-78.49477100028142,-0.11292799962748669],[-78.49824400036026,-0.10708099978822914],[-78.49783399943946,-0.10205299994591242],[-78.50057900012065,-0.10322500003364804],[-78.49972400026232,-0.10564900030108648],[-78.50381400001605,-0.10835299999091103],[-78.50635999961425,-0.11763900013965976]]]}},{"type":"Feature","properties":{"dpa_parroq":"170129","dpa_despar":"SAN ISIDRO DEL INCA"},"geometry":{"type":"Polygon","coordinates":[[[-78.47111300016479,-0.12354299990950127],[-78.47195900050738,-0.12465299983600478],[-78.47012599961512,-0.14169199958604675],[-78.46930600047149,-0.14746199947165223],[-78.46759799994769,-0.14942899934877255],[-78.4640189994772,-0.15177299952426926],[-78.4644420000982,-0.15058899978245419],[-78.45063300001289,-0.14886200018109547],[-78.44988600063837,-0.14681600025819355],[-78.44770699997804,-0.1476500000474144],[-78.44643399972928,-0.14675100085794182],[-78.44707799974988,-0.14197999937743427],[-78.45255999984407,-0.14039299993699267],[-78.44768100057767,-0.13851999989801028],[-78.44942800020203,-0.13722000020277061],[-78.44828699974524,-0.13496899981941707],[-78.44993200006171,-0.13220899934575878],[-78.44718400014143,-0.12590600006180414],[-78.44808399937706,-0.12443400052866517],[-78.45423600069081,-0.12812499986881642],[-78.45569399957834,-0.12768100007802066],[-78.45574199999325,-0.1295629996327038],[-78.46135400068651,-0.12443600062092189],[-78.46266199985135,-0.12722500063325998],[-78.4669599993045,-0.1258449999467322],[-78.46979699973176,-0.1283640000984433],[-78.47111300016479,-0.12354299990950127]]]}},{"type":"Feature","properties":{"dpa_parroq":"170171","dpa_despar":"NONO"},"geometry":{"type":"Polygon","coordinates":[[[-78.67029099962987,-0.00884000016581413],[-78.67038200022911,-0.01133099992560835],[-78.66684399985068,-0.01482000074243031],[-78.66266800062766,-0.02359199967095607],[-78.65844900032104,-0.02775300000089687],[-78.65902900008821,-0.0368909996199179],[-78.65401600003835,-0.04407199982287315],[-78.65073299972812,-0.04453499959047509],[-78.64512600016475,-0.04836499994471694],[-78.63779799947804,-0.06230300058293802],[-78.64415399940751,-0.05992699983110006],[-78.65542100007906,-0.06031599978351768],[-78.65993400045372,-0.05814799963040827],[-78.65855299972107,-0.06138799975630705],[-78.65166799967838,-0.06719300035661976],[-78.65085499995823,-0.07206700029177227],[-78.64786300047705,-0.07483899952018909],[-78.65059999989003,-0.08372800024697966],[-78.65030499977587,-0.09064199982834026],[-78.6483909996449,-0.09493199981183077],[-78.64371099966283,-0.09876000007390495],[-78.64170300059293,-0.0974730000788031],[-78.6379749995465,-0.09761500033190061],[-78.63399099928513,-0.10946299991747815],[-78.6300600005685,-0.11186400002354609],[-78.62786699926255,-0.11111699974968552],[-78.62461999971315,-0.11243999960623209],[-78.62274100029694,-0.1146829996206478],[-78.61897300010381,-0.11497499959640883],[-78.61695300048052,-0.11876800004312213],[-78.60859800009756,-0.12199200033050438],[-78.60528500020257,-0.12992600018468037],[-78.5982410000221,-0.13304099994210744],[-78.59141500000223,-0.1435940000629408],[-78.58932100056371,-0.1491089998803647],[-78.58679199995076,-0.15034300012929425],[-78.58742699955629,-0.15636500084406169],[-78.58538799995618,-0.1671209995344608],[-78.58746999974069,-0.17291899981190684],[-78.58118000015682,-0.1702320000067208],[-78.56817199923832,-0.16827900077523208],[-78.56710999972668,-0.1620339996693034],[-78.56844099995217,-0.15370999981658778],[-78.56456700026686,-0.14843300018273242],[-78.56221000039119,-0.14067300025866153],[-78.56301799988077,-0.13360199973244982],[-78.56108000044163,-0.13100899976545263],[-78.55702200036498,-0.11596199924679913],[-78.55654499995178,-0.11120100002610252],[-78.55834600026765,-0.1067840004812045],[-78.55831800077513,-0.10059099997459615],[-78.5555330000479,-0.09327499984127015],[-78.55743999985607,-0.09125999954921568],[-78.551383999372,-0.09065500042787532],[-78.54982499942409,-0.08941800004057977],[-78.5459229993469,-0.08029100002960524],[-78.54668800045083,-0.07577899970101186],[-78.53683900041949,-0.07287300058844806],[-78.53626399998356,-0.07205399969226264],[-78.53856399992864,-0.07112800015699516],[-78.53785899979293,-0.06980999963172493],[-78.53137200011768,-0.0718219997854134],[-78.52860800035887,-0.06993999933143481],[-78.52777099953197,-0.07277899985084925],[-78.52286800005811,-0.0735870002398072],[-78.51407000082986,-0.07336000056347888],[-78.51380499940113,-0.06856500067420974],[-78.51095600021921,-0.06613999946135384],[-78.51122399998754,-0.06193799993874287],[-78.50825999999898,-0.05756800076255519],[-78.50041999998295,-0.05156500002470846],[-78.49963899993982,-0.04884399955091174],[-78.49199400082242,-0.05003100033032465],[-78.49178600022366,-0.04844600008276796],[-78.49822300029119,-0.0468409998121813],[-78.50876200066571,-0.0396000004396479],[-78.51946000027874,-0.03815599949969491],[-78.52616099993016,-0.03266499988973809],[-78.53211899949216,-0.02960800010908058],[-78.53717800076407,-0.02229199997579273],[-78.54561100024743,-0.0216520001396179],[-78.5553509997488,-0.01345100056312999],[-78.55834800035989,-0.0123490001062052],[-78.56457299964416,-0.01294899989634554],[-78.58301700033427,-0.00902200046485707],[-78.58472400081196,-0.00289400025788498],[-78.58690499976588,-0.00083399968930056],[-78.58566800027796,0.00079599993561785],[-78.5890180000806,0.00319499994939089],[-78.59077799940513,0.00972699990116241],[-78.59491099934307,0.01430299958391096],[-78.5977760001622,0.01722200019515265],[-78.60271599954373,0.01944900037114089],[-78.60314500044133,0.02198800054588194],[-78.60768999959382,0.02618399979181182],[-78.61065800066613,0.02324900024119642],[-78.61233899994481,0.02447500012117545],[-78.61539199954109,0.02395700051519539],[-78.61775999992402,0.02763500015519609],[-78.61811999943833,0.03121000044123092],[-78.62098400021141,0.03262599919054885],[-78.62366000040869,0.03216000018397817],[-78.62489499980434,0.03462899982851116],[-78.6325359996366,0.03160899995549669],[-78.63411000027628,0.0293619997565421],[-78.63622500068318,0.03343100034044901],[-78.6373530005405,0.03127799997975958],[-78.63610799978429,0.02957500058590608],[-78.6429220001501,0.02777800045451738],[-78.64266299989745,0.02919699934221403],[-78.64430800021398,0.03059299986716928],[-78.6484669995523,0.02926799991835327],[-78.64980700019287,0.02680799978939379],[-78.65192100055366,0.02787200029269349],[-78.65337799939512,0.0372399997263452],[-78.65739600032508,0.03473299922859904],[-78.66101499994225,0.03619900028372421],[-78.6624250002135,0.03551300012491013],[-78.66465699972073,0.03768999979375843],[-78.66653700008239,0.03676699949761236],[-78.67360900065484,0.04081299992008514],[-78.67755700015535,0.04138100003325604],[-78.67704000059551,0.03570299989362085],[-78.67988300040007,0.03411799964607688],[-78.6807289998434,0.03106699924267777],[-78.67828699964525,0.02627500039103192],[-78.67912499961896,0.02317600047215954],[-78.67411500060679,0.01457000020548018],[-78.67199499996924,0.01302099981938092],[-78.67425199972992,0.01173000053920105],[-78.67392700003099,0.00656699986720537],[-78.67628700004497,0.0002839997069598],[-78.67324299996443,-0.00600299973859279],[-78.67029099962987,-0.00884000016581413]]]}},{"type":"Feature","properties":{"dpa_parroq":"170172","dpa_despar":"PACTO"},"geometry":{"type":"Polygon","coordinates":[[[-78.74942200022505,0.23466400014348657],[-78.75441100006752,0.23968999989371195],[-78.76097699978867,0.2384320003367126],[-78.76317400037976,0.2398210005388266],[-78.76542499986381,0.238709999666842],[-78.76945100026339,0.24235599962980964],[-78.7735779999247,0.24186799960850414],[-78.7770109999577,0.2435339999941246],[-78.78031799957594,0.2406760003971994],[-78.7856789994862,0.23887099989682203],[-78.7888110000276,0.2391809998034199],[-78.79163100057019,0.23663200006674162],[-78.79526100069457,0.2365429995598037],[-78.80263299981303,0.2317320007312753],[-78.8118749997314,0.23082400022751107],[-78.82307600005728,0.2338280002621362],[-78.82542899974851,0.23746599985605155],[-78.83123600044107,0.23894600065751287],[-78.83318700047961,0.24171899993197535],[-78.84032699969121,0.23938700030991716],[-78.84367700039319,0.24017799991485206],[-78.84960000013984,0.23779899992400721],[-78.85469400032783,0.23796800052292505],[-78.86388000036166,0.23272500065835944],[-78.87037400035979,0.23332699964139741],[-78.87666800012803,0.22884799993531818],[-78.88079599983548,0.22230200023719782],[-78.89399299957721,0.22002100026902977],[-78.89563100047023,0.2175190000019572],[-78.90870299984348,0.21353799987887895],[-78.91829000038318,0.21439900001388199],[-78.92342299967167,0.22108699996518894],[-78.92756700011694,0.2200539999922103],[-78.93098300026519,0.21420099987629707],[-78.93588200045393,0.21247999965236214],[-78.9407459999279,0.20542499986388607],[-78.94832299950679,0.20323300040275774],[-78.94468599995886,0.19853800062826946],[-78.94426400028333,0.1954370006171531],[-78.94210299955377,0.19573800010872933],[-78.93837100012148,0.19189800019260117],[-78.94085500045784,0.18830700006812615],[-78.93681700040425,0.17427300039872956],[-78.93832300060595,0.16770099950161535],[-78.93713099959592,0.16460499972098175],[-78.93766700003196,0.1586070001130023],[-78.93481199967403,0.15299800045737688],[-78.93589700024631,0.14856499927535866],[-78.93264599961314,0.14445999972920073],[-78.93395699981568,0.1384130005596133],[-78.93794000003092,0.13558599969418922],[-78.93563799999367,0.12502800024215588],[-78.93917100014156,0.11773100008563604],[-78.93807600000738,0.1105450005514426],[-78.93530599997186,0.10699599966575975],[-78.93661199994382,0.10340799967947262],[-78.9325420002131,0.0965229996367918],[-78.93258399945199,0.09210900023017073],[-78.92972799994719,0.09255900029773662],[-78.92506499984982,0.0865170004592983],[-78.92461699987463,0.08405100005368318],[-78.92190799995421,0.08278700021997727],[-78.92159099972478,0.07915199986501795],[-78.91721000004146,0.08029500041399745],[-78.90923399914972,0.07474299978964777],[-78.9063610006596,0.07655799985188605],[-78.90122700042573,0.07633900054444465],[-78.89975399994711,0.07494199997340556],[-78.9009529994813,0.07070500063529377],[-78.900127000061,0.06878899951285715],[-78.89090200002725,0.06792300004648873],[-78.8882810005677,0.06425499996839978],[-78.88636200020609,0.06563100047041413],[-78.88651900025161,0.06100299928904977],[-78.8738419993088,0.06065699952104535],[-78.87166099945549,0.05872400031238304],[-78.86928200036394,0.05854500015174426],[-78.86644800007507,0.05517100014158401],[-78.86436799948355,0.05757700047830008],[-78.86126999961078,0.05736199955669211],[-78.85817699996853,0.05386699936256087],[-78.85496600028061,0.05426599977617301],[-78.85391100019245,0.05644400039041333],[-78.85028499935322,0.05689799974293001],[-78.8463420000832,0.0601860002836993],[-78.84386500006966,0.06008700021497682],[-78.84143199938718,0.06281700020449969],[-78.84147300037866,0.06487199964315322],[-78.83820199972241,0.06418100015315187],[-78.83683999986606,0.06502899968865798],[-78.83535299964119,0.06941599964876694],[-78.8337640001085,0.06946300001746457],[-78.83393000056904,0.07121299978014291],[-78.83202000062249,0.07372999983968635],[-78.82784499964694,0.0730279998423303],[-78.82565100009356,0.07523900017972568],[-78.82433200042148,0.07449699923717962],[-78.82180199976246,0.07607700015343453],[-78.82050300011332,0.0775699997557382],[-78.82064399942101,0.07995399997720576],[-78.81764700060849,0.07842999984474644],[-78.81599399992315,0.08106700004212615],[-78.81398399986162,0.08042800025207332],[-78.81041000052105,0.08284700028893993],[-78.8086629999974,0.08269400042782138],[-78.80670500053533,0.08643500027516346],[-78.80418000010688,0.08797100006165132],[-78.80578100019294,0.09266200055094709],[-78.79939399973325,0.09394100017712385],[-78.78683800077303,0.10221900060652116],[-78.78290500016561,0.1021819997995063],[-78.7836749997014,0.10500300038824928],[-78.78239600007535,0.10954999963284445],[-78.77783200004671,0.11030700036779777],[-78.7757609998702,0.11385200016974804],[-78.76520399956493,0.12044300014441112],[-78.76294099952743,0.1252879996414484],[-78.75973500007018,0.124833000242797],[-78.7563379998987,0.12809100029949447],[-78.7552009996264,0.1309689999195132],[-78.75583799932417,0.1329539997274068],[-78.75302800014208,0.13905799972693725],[-78.75665700022032,0.14179399999309034],[-78.7558479997853,0.14498199951977056],[-78.75677499936668,0.14599799960804707],[-78.75506100036483,0.14958399950201387],[-78.75586100038481,0.15455000008258482],[-78.74680500005068,0.16308700076452445],[-78.74636800058269,0.1694150003021572],[-78.74223400059861,0.17359200047051274],[-78.73981600060792,0.17942100037893344],[-78.74016000028372,0.1820110002075901],[-78.73891100024242,0.18305399974235328],[-78.73960199973249,0.18577400016998985],[-78.73590300002333,0.19173100058532458],[-78.73763399980915,0.19525300022587888],[-78.7353030002332,0.19949799993277584],[-78.7383080003139,0.20498699945057772],[-78.73807299936934,0.20869600052001683],[-78.74004999970771,0.21083400018902895],[-78.73900699927353,0.2140859999690326],[-78.74281500041188,0.220076000107357],[-78.74628000012187,0.22024199966865154],[-78.74710200025709,0.22138399927221358],[-78.74844299914506,0.22718499968802558],[-78.74623099966092,0.228754999243905],[-78.74727900032556,0.2311069997882886],[-78.74878399958187,0.23100400043432273],[-78.74942200022505,0.23466400014348657]]]}},{"type":"Feature","properties":{"dpa_parroq":"170161","dpa_despar":"GUALEA"},"geometry":{"type":"Polygon","coordinates":[[[-78.74942200022505,0.23466400014348657],[-78.74878399958187,0.23100400043432273],[-78.74727900032556,0.2311069997882886],[-78.74623099966092,0.228754999243905],[-78.74844299914506,0.22718499968802558],[-78.74710200025709,0.22138399927221358],[-78.74628000012187,0.22024199966865154],[-78.74281500041188,0.220076000107357],[-78.73900699927353,0.2140859999690326],[-78.74004999970771,0.21083400018902895],[-78.73807299936934,0.20869600052001683],[-78.7383080003139,0.20498699945057772],[-78.7353030002332,0.19949799993277584],[-78.73763399980915,0.19525300022587888],[-78.73590300002333,0.19173100058532458],[-78.73960199973249,0.18577400016998985],[-78.73891100024242,0.18305399974235328],[-78.74016000028372,0.1820110002075901],[-78.73981600060792,0.17942100037893344],[-78.74223400059861,0.17359200047051274],[-78.74636800058269,0.1694150003021572],[-78.74680500005068,0.16308700076452445],[-78.75586100038481,0.15455000008258482],[-78.75506100036483,0.14958399950201387],[-78.75677499936668,0.14599799960804707],[-78.7558479997853,0.14498199951977056],[-78.75665700022032,0.14179399999309034],[-78.75302800014208,0.13905799972693725],[-78.75583799932417,0.1329539997274068],[-78.7552009996264,0.1309689999195132],[-78.7563379998987,0.12809100029949447],[-78.75973500007018,0.124833000242797],[-78.76294099952743,0.1252879996414484],[-78.76520399956493,0.12044300014441112],[-78.7757609998702,0.11385200016974804],[-78.77783200004671,0.11030700036779777],[-78.78239600007535,0.10954999963284445],[-78.7836749997014,0.10500300038824928],[-78.78290500016561,0.1021819997995063],[-78.78683800077303,0.10221900060652116],[-78.79939399973325,0.09394100017712385],[-78.80578100019294,0.09266200055094709],[-78.80418000010688,0.08797100006165132],[-78.80670500053533,0.08643500027516346],[-78.8086629999974,0.08269400042782138],[-78.81041000052105,0.08284700028893993],[-78.81398399986162,0.08042800025207332],[-78.81599399992315,0.08106700004212615],[-78.81764700060849,0.07842999984474644],[-78.82064399942101,0.07995399997720576],[-78.82050300011332,0.0775699997557382],[-78.82180199976246,0.07607700015343453],[-78.82433200042148,0.07449699923717962],[-78.82565100009356,0.07523900017972568],[-78.82784499964694,0.0730279998423303],[-78.83202000062249,0.07372999983968635],[-78.83393000056904,0.07121299978014291],[-78.8337640001085,0.06946300001746457],[-78.83535299964119,0.06941599964876694],[-78.83683999986606,0.06502899968865798],[-78.83820199972241,0.06418100015315187],[-78.84147300037866,0.06487199964315322],[-78.84143199938718,0.06281700020449969],[-78.84386500006966,0.06008700021497682],[-78.8463420000832,0.0601860002836993],[-78.85028499935322,0.05689799974293001],[-78.85342300017126,0.05675300025081288],[-78.85502500030351,0.0553859992645883],[-78.85105599983453,0.05119100006464048],[-78.84346700060156,0.04946400046335808],[-78.84465100034333,0.04777599996245097],[-78.84127400019493,0.0484410000521258],[-78.84380600004681,0.04522099994925699],[-78.84113400003403,0.04564599976310661],[-78.84026500042935,0.04290500016563902],[-78.83766400009345,0.04229099972987976],[-78.83685700065,0.0406050002206139],[-78.82317400007996,0.03631900042163681],[-78.8205600000439,0.0378440006002054],[-78.82080399960483,0.0344550007977015],[-78.81772700070047,0.03647500042100686],[-78.8167910007041,0.03513899996498883],[-78.81159600035512,0.03546000037875056],[-78.81019600054498,0.03261300038968106],[-78.80697599954271,0.0342979998529267],[-78.80480300005834,0.03268500011272316],[-78.79990199977742,0.03322199969553485],[-78.80023200060629,0.0286579996670184],[-78.79598299981558,0.02457699942903206],[-78.79349600024015,0.02415800079113357],[-78.7917200001778,0.02628000062157829],[-78.7903119999988,0.02511800009569083],[-78.78794300046907,0.03172700000112715],[-78.78386500036939,0.03383099990077317],[-78.78529499976442,0.03762999972480849],[-78.78367899988591,0.04478000029689085],[-78.77792299974658,0.04890999919718969],[-78.77483699952782,0.05666799992832477],[-78.76466599993594,0.06426000019895889],[-78.75233799979883,0.06686900000443444],[-78.74652300053596,0.0708429998046587],[-78.74218099995313,0.07738300012544436],[-78.74037399936051,0.07746300021732248],[-78.74026299963772,0.07921700016453971],[-78.73809000015335,0.08055699990568665],[-78.73682599942033,0.08578899926302479],[-78.73346099982524,0.09078200018923793],[-78.73391099989269,0.09484200035816137],[-78.73109500043383,0.10463399955951526],[-78.73177499941663,0.11673800015869186],[-78.73002199951561,0.11945399950264673],[-78.73132600029464,0.12074100039694229],[-78.72879000025826,0.12318599983409725],[-78.72814400014546,0.12935300004100728],[-78.72559799964789,0.13147800000975438],[-78.72210199940773,0.13199199943124645],[-78.72222699977617,0.13410199960772623],[-78.72064700065849,0.13487900036567135],[-78.71608799996118,0.13276700009704934],[-78.71106800048776,0.14445000016740345],[-78.70659799939811,0.1488160000584495],[-78.7069969998117,0.15332599939540162],[-78.70558100016294,0.15990700070751201],[-78.70691699971972,0.16816699940755783],[-78.7047230001663,0.1764359994219462],[-78.7026330000129,0.17934100028700442],[-78.70255299992097,0.18247500002137762],[-78.70118599983397,0.1837779998549197],[-78.70152699937145,0.18718700057976173],[-78.69946799974839,0.19223799968402627],[-78.69698100017297,0.19222800012219082],[-78.69821299943034,0.19455500041306173],[-78.69662900012817,0.197381000332992],[-78.69854399940601,0.1984640008129961],[-78.69774799957047,0.20233700045227934],[-78.69641300005986,0.20455400016703487],[-78.69354600004785,0.2030890000572763],[-78.693932999908,0.2060940001380107],[-78.69215200051441,0.20826000019892701],[-78.6932050005103,0.21339100029446695],[-78.69589500045383,0.21442500031351672],[-78.69761599977852,0.21238900085173298],[-78.69917800076412,0.2167640002585052],[-78.70255299992097,0.2183549998833839],[-78.70567199986291,0.21797999967739148],[-78.70942899954865,0.21553800037852616],[-78.71112599956516,0.21896400008857134],[-78.71742699965623,0.21926999981069395],[-78.72402599999984,0.22175100000871634],[-78.72637399946042,0.22461499988242437],[-78.73492100060368,0.22667899973617583],[-78.74500499978086,0.23520499991095165],[-78.74942200022505,0.23466400014348657]]]}},{"type":"Feature","properties":{"dpa_parroq":"170169","dpa_despar":"NANEGALITO"},"geometry":{"type":"Polygon","coordinates":[[[-78.67029099962987,-0.00884000016581413],[-78.67324299996443,-0.00600299973859279],[-78.67628700004497,0.0002839997069598],[-78.67392700003099,0.00656699986720537],[-78.67425199972992,0.01173000053920105],[-78.67199499996924,0.01302099981938092],[-78.67411500060679,0.01457000020548018],[-78.67912499961896,0.02317600047215954],[-78.67828699964525,0.02627500039103192],[-78.6807289998434,0.03106699924267777],[-78.67988300040007,0.03411799964607688],[-78.67678200038898,0.03657799977490914],[-78.67910700058758,0.04921099958807413],[-78.6768990003885,0.05150500015563729],[-78.67807300056846,0.05361099924833362],[-78.66409200064524,0.06721200053352101],[-78.6661590006373,0.07078499982801637],[-78.66613699962278,0.08174699992417007],[-78.66001099950793,0.09315499990343987],[-78.66329099967984,0.0940060004766329],[-78.6684910002594,0.08992500023868473],[-78.69004500047632,0.08887899966610739],[-78.69833100037535,0.09871600004341394],[-78.700578999721,0.10002200001536016],[-78.70133999974111,0.09875399999721715],[-78.70403499991527,0.09906399990377686],[-78.70701300054954,0.10493499995032336],[-78.70557800002463,0.10602299976173103],[-78.70742499976389,0.10850600005198469],[-78.70540999947184,0.11113299978814443],[-78.70582099953943,0.11398000067654758],[-78.70915099931912,0.11659500075870421],[-78.70713699997253,0.11958400010151214],[-78.70701099955795,0.12351799985581642],[-78.70849600058985,0.12464399962098914],[-78.70576699974717,0.1292170000646672],[-78.70644899972153,0.13274199984351118],[-78.7052819998644,0.13342299977166436],[-78.70649900022863,0.13504800006516648],[-78.70435000005244,0.13781099977792075],[-78.70520599995686,0.13939199984105308],[-78.70358799998615,0.13858200025915932],[-78.70143799976378,0.14089299981219278],[-78.70789499985432,0.1468559996047477],[-78.71106800048776,0.14445000016740345],[-78.71608799996118,0.13276700009704934],[-78.72064700065849,0.13487900036567135],[-78.72222699977617,0.13410199960772623],[-78.72210199940773,0.13199199943124645],[-78.72501200050337,0.13186699996221016],[-78.72814400014546,0.12935300004100728],[-78.72879000025826,0.12318599983409725],[-78.73132600029464,0.12074100039694229],[-78.73002199951561,0.11945399950264673],[-78.73170899997037,0.11732199921098203],[-78.73109500043383,0.10463399955951526],[-78.73391099989269,0.09484200035816137],[-78.73346099982524,0.09078200018923793],[-78.73682599942033,0.08578899926302479],[-78.73831499973734,0.0801720001376934],[-78.74026299963772,0.07921700016453971],[-78.74037399936051,0.07746300021732248],[-78.74218099995313,0.07738300012544436],[-78.74652300053596,0.0708429998046587],[-78.75233799979883,0.06686900000443444],[-78.76466599993594,0.06426000019895889],[-78.77483699952782,0.05666799992832477],[-78.77792299974658,0.04890999919718969],[-78.78367899988591,0.04478000029689085],[-78.78529499976442,0.03762999972480849],[-78.78386500036939,0.03383099990077317],[-78.77780400055414,0.03458499959820496],[-78.7753360000563,0.03198200006938506],[-78.76856499987476,0.03062100025903528],[-78.76586400032329,0.02767200006281369],[-78.75968099937859,0.02551300032475137],[-78.75870300014331,0.02253199955227759],[-78.75557399974022,0.01976299956289311],[-78.7511360001263,0.0207030006430368],[-78.74715000067201,0.01693899973511779],[-78.74515800054128,0.0175690000094699],[-78.74314599948823,0.0127930000969815],[-78.7343029999834,0.01086400017354987],[-78.7312670002718,0.00725300002601944],[-78.73026199979142,0.00178899986256203],[-78.72853499929073,0.00112000048772013],[-78.72756699961727,-0.00174500033143081],[-78.72540400059411,-0.00250900048991719],[-78.72528299951077,-0.00590400056907673],[-78.7227539997972,-0.01120099932657754],[-78.72508699946542,-0.01667599999733876],[-78.7241209998842,-0.02138600046344071],[-78.72002600079922,-0.02563100017043943],[-78.71739000064797,-0.02551999954829115],[-78.70830800001411,-0.03128800024097355],[-78.70432699989105,-0.03169400007796609],[-78.70107999944234,-0.03502299981150732],[-78.69740500084009,-0.03452900041296887],[-78.69030399982964,-0.02727300034865641],[-78.68742900034808,-0.0270529991964639],[-78.68489200026556,-0.02137299986403286],[-78.6811620000262,-0.02038500016752056],[-78.68113199954213,-0.01688100045773948],[-78.68050900048998,-0.01859100017447241],[-78.6800500000074,-0.01691300013482343],[-78.67840999992157,-0.01641499965246336],[-78.67933300021777,-0.01576400020834382],[-78.67880800028892,-0.01350099927160266],[-78.67786700006195,-0.01479200035051343],[-78.67666900057387,-0.0109650001345994],[-78.67639699972172,-0.01176999948583227],[-78.67493899993487,-0.00965800011658208],[-78.67029099962987,-0.00884000016581413]]]}},{"type":"Feature","properties":{"dpa_parroq":"170168","dpa_despar":"NANEGAL"},"geometry":{"type":"Polygon","coordinates":[[[-78.67051699926004,0.21172000057765922],[-78.67554399995564,0.2102160004680772],[-78.68188600013877,0.2148130002198505],[-78.68158999997844,0.22268099972843364],[-78.68401499939269,0.22271999972826978],[-78.68580699929355,0.22086300042720117],[-78.68908899955765,0.22239199989094954],[-78.6920490002611,0.22093900033474398],[-78.69856000014386,0.22051700065915858],[-78.69917800076412,0.2167640002585052],[-78.69778000014685,0.21254399990578735],[-78.69589500045383,0.21442500031351672],[-78.69349300030164,0.21365100059329667],[-78.69211200046838,0.20861999971330578],[-78.693932999908,0.2060940001380107],[-78.69354600004785,0.2030890000572763],[-78.69641300005986,0.20455400016703487],[-78.69774799957047,0.20233700045227934],[-78.69854399940601,0.1984640008129961],[-78.69662900012817,0.197381000332992],[-78.69821299943034,0.19455500041306173],[-78.69698100017297,0.19222800012219082],[-78.69946799974839,0.19223799968402627],[-78.70152699937145,0.18718700057976173],[-78.70118599983397,0.1837779998549197],[-78.70255299992097,0.18247500002137762],[-78.7026330000129,0.17934100028700442],[-78.7047230001663,0.1764359994219462],[-78.70691699971972,0.16816699940755783],[-78.7055769999785,0.1591320000418745],[-78.7069969998117,0.15332599939540162],[-78.70659799939811,0.1488160000584495],[-78.70789499985432,0.1468559996047477],[-78.70143799976378,0.14089299981219278],[-78.70358799998615,0.13858200025915932],[-78.70520599995686,0.13939199984105308],[-78.70435000005244,0.13781099977792075],[-78.70649900022863,0.13504800006516648],[-78.7052819998644,0.13342299977166436],[-78.70644899972153,0.13274199984351118],[-78.70576699974717,0.1292170000646672],[-78.70849600058985,0.12464399962098914],[-78.70701099955795,0.12351799985581642],[-78.70713699997253,0.11958400010151214],[-78.70910499989574,0.11636900022925331],[-78.70690299997341,0.11574100004710702],[-78.70540999947184,0.11113299978814443],[-78.7073810004328,0.10873200058146104],[-78.70549100050927,0.10719900003387832],[-78.70701300054954,0.10493499995032336],[-78.70403499991527,0.09906399990377686],[-78.70133999974111,0.09875399999721715],[-78.700578999721,0.10002200001536016],[-78.69833100037535,0.09871600004341394],[-78.69004500047632,0.08887899966610739],[-78.6684910002594,0.08992500023868473],[-78.66329099967984,0.0940060004766329],[-78.66001099950793,0.09315499990343987],[-78.66613699962278,0.08174699992417007],[-78.6661590006373,0.07078499982801637],[-78.66409200064524,0.06721200053352101],[-78.67828499955306,0.05328000017194286],[-78.6768749992818,0.05190799985439106],[-78.67910700058758,0.04921099958807413],[-78.67755700015535,0.04138100003325604],[-78.67360900065484,0.04081299992008514],[-78.66653700008239,0.03676699949761236],[-78.66465699972073,0.03768999979375843],[-78.6624250002135,0.03551300012491013],[-78.66101499994225,0.03619900028372421],[-78.65739600032508,0.03473299922859904],[-78.65337799939512,0.0372399997263452],[-78.65192100055366,0.02787200029269349],[-78.64980700019287,0.02680799978939379],[-78.6484669995523,0.02926799991835327],[-78.64430800021398,0.03059299986716928],[-78.64266299989745,0.02919699934221403],[-78.6429220001501,0.02777800045451738],[-78.63610799978429,0.02957500058590608],[-78.6373530005405,0.03127799997975958],[-78.63622500068318,0.03343100034044901],[-78.63411000027628,0.0293619997565421],[-78.6325359996366,0.03160899995549669],[-78.62489499980434,0.03462899982851116],[-78.62366000040869,0.03216000018397817],[-78.62098400021141,0.03262599919054885],[-78.61811999943833,0.03121000044123092],[-78.61775999992402,0.02763500015519609],[-78.61539199954109,0.02395700051519539],[-78.61233899994481,0.02447500012117545],[-78.61065800066613,0.02324900024119642],[-78.60137799989474,0.03464599971325146],[-78.59765600002439,0.03281499981250938],[-78.5952879996414,0.03595799996177699],[-78.59417300038368,0.03581999989312931],[-78.59220100027592,0.03839299983716014],[-78.59285200061927,0.03975699978583775],[-78.59070800067366,0.04115599954977446],[-78.59127399979522,0.04666499998974912],[-78.58612799990722,0.04605999996910056],[-78.58350399941001,0.04797699933918273],[-78.57895800021154,0.0473029997337054],[-78.57806600044549,0.04944499958714192],[-78.57304000069543,0.04865000069707812],[-78.566778999751,0.05797499994636753],[-78.56229199967596,0.05835100019859645],[-78.5611400005106,0.06064399982089481],[-78.56021500012208,0.05964599966320069],[-78.55639599937582,0.06075200030465165],[-78.55667700064305,0.06162899937885029],[-78.5549350003499,0.05933499971056988],[-78.55449299975209,0.06229000018345983],[-78.55259000012836,0.05898399971189185],[-78.55204099999213,0.0619929999770761],[-78.55075399999711,0.0619929999770761],[-78.54890500016553,0.06478500012775476],[-78.54790900010023,0.07586600031581359],[-78.54978399933206,0.08107399946555743],[-78.54862599988994,0.10440400064415459],[-78.55133000047906,0.10833100007557946],[-78.5526900002433,0.11393400035392105],[-78.55917399978021,0.12183000025442108],[-78.5572589996031,0.12847999935248938],[-78.55318899987243,0.13545199980999137],[-78.555139999911,0.14439899961417968],[-78.56032499979884,0.15365500017816477],[-78.55960999920205,0.15501300074940588],[-78.56088300035015,0.15836400059817018],[-78.56679699968174,0.15960900045513352],[-78.57146600005582,0.16272100007411827],[-78.57535699962581,0.1625660001209211],[-78.58251699975975,0.1645890007817607],[-78.58298299966569,0.16583399973935223],[-78.58625199933027,0.16645600054407472],[-78.58889799994272,0.16863500030509068],[-78.59870299974358,0.16443299988309518],[-78.60663999973612,0.16567799974002034],[-78.60819600044503,0.16770100040087266],[-78.6150439996808,0.1692579993572043],[-78.62469299948229,0.16801300039972727],[-78.63605500003821,0.17112500001881378],[-78.63978999960874,0.17501600048811486],[-78.64119100036434,0.17906200001133032],[-78.64461499998228,0.1809299998197918],[-78.64508199993428,0.1840430003842576],[-78.65099600016526,0.19384700013901185],[-78.65457499973641,0.1946249991444244],[-78.65784400030033,0.19976100036993338],[-78.6587770001584,0.20567499970161032],[-78.66204599982298,0.20536400064813504],[-78.66329099967984,0.20365199993991354],[-78.66733700010239,0.20443000074403153],[-78.67122799967238,0.20334099998723185],[-78.67051699926004,0.21172000057765922]]]}},{"type":"Feature","properties":{"dpa_parroq":"170181","dpa_despar":"SAN JOSE DE MINAS"},"geometry":{"type":"Polygon","coordinates":[[[-78.67051699926004,0.21172000057765922],[-78.67122799967238,0.20334099998723185],[-78.66733700010239,0.20443000074403153],[-78.66329099967984,0.20365199993991354],[-78.66204599982298,0.20536400064813504],[-78.6587770001584,0.20567499970161032],[-78.65784400030033,0.19976100036993338],[-78.65457499973641,0.1946249991444244],[-78.65099600016526,0.19384700013901185],[-78.64508199993428,0.1840430003842576],[-78.64461499998228,0.1809299998197918],[-78.64119100036434,0.17906200001133032],[-78.63978999960874,0.17501600048811486],[-78.63605500003821,0.17112500001881378],[-78.62469299948229,0.16801300039972727],[-78.6150439996808,0.1692579993572043],[-78.60819600044503,0.16770100040087266],[-78.60663999973612,0.16567799974002034],[-78.59870299974358,0.16443299988309518],[-78.58889799994272,0.16863500030509068],[-78.58625199933027,0.16645600054407472],[-78.58298299966569,0.16583399973935223],[-78.58251699975975,0.1645890007817607],[-78.57535699962581,0.1625660001209211],[-78.57146600005582,0.16272100007411827],[-78.56679699968174,0.15960900045513352],[-78.56088300035015,0.15836400059817018],[-78.55960999920205,0.15501300074940588],[-78.55389500005418,0.15942099987930772],[-78.54738400017139,0.1523830008748547],[-78.54621100003756,0.15291100004269564],[-78.54362999972466,0.15032999972981606],[-78.5404050002905,0.1505059997521143],[-78.53758899993235,0.14833599950683724],[-78.53776499995475,0.14393699989266157],[-78.53614099970736,0.14218299994560973],[-78.5352330001028,0.1378900007229978],[-78.53311899974196,0.1366290001283497],[-78.5324360006209,0.13256200053599498],[-78.52802999978461,0.12981500066184629],[-78.52542600020969,0.13018199959968177],[-78.52124299976458,0.12702799984235494],[-78.52050699999799,0.1194349995257006],[-78.5179000002847,0.11840100040585724],[-78.51510800013405,0.11488099995823872],[-78.51146900049393,0.11421199968405045],[-78.50966799927869,0.11209099989984223],[-78.50265699972071,0.10935000030231103],[-78.5002370005371,0.1114350002251127],[-78.49816999964571,0.1106720001127356],[-78.49597800018452,0.11447400007512419],[-78.49279299989702,0.11552099979431177],[-78.49181099957792,0.11792000070749478],[-78.48234900030606,0.12345699974076993],[-78.47568400051618,0.13445799983691245],[-78.47164400037028,0.13473800015868312],[-78.46781700015437,0.13219899998389115],[-78.45845400005204,0.12980900038502527],[-78.45162900007826,0.12983400063863976],[-78.45029799985278,0.1313389998950483],[-78.44917999955727,0.12823599979164976],[-78.44167599974749,0.12640000055966952],[-78.44024400026035,0.12879900057355706],[-78.431854000062,0.13153099975595212],[-78.42709299994195,0.13090899985055054],[-78.42126199994132,0.1332280006717791],[-78.41955300027071,0.13205699973078092],[-78.41377600006236,0.13835400053679808],[-78.40825700006046,0.14035600022930475],[-78.40655599985946,0.1425750000362534],[-78.40054299955968,0.143945000261663],[-78.39723100061012,0.14865299973622548],[-78.397687000055,0.1516810008775877],[-78.39621599966857,0.15606899998448504],[-78.39410700043767,0.15666200035111777],[-78.39021000059104,0.16069399922870162],[-78.38724600060242,0.16042900049800551],[-78.38139999991002,0.15646500025964213],[-78.37511499965746,0.1566600002588865],[-78.37354700019385,0.15806500029959336],[-78.37585400046167,0.16795899970806116],[-78.36658400015142,0.17828500015275703],[-78.36462699983615,0.18678800016617503],[-78.36051199982884,0.19335100064824215],[-78.3584230006209,0.20307399936572623],[-78.36255899979795,0.20559499960965588],[-78.36350900043999,0.2087569997358442],[-78.35683900041946,0.21735999986415755],[-78.36070099955144,0.21771299995507956],[-78.37391700016936,0.22486999995065682],[-78.3752729997491,0.22893500034997397],[-78.3777899998086,0.23037599935293185],[-78.37977799975482,0.23597599949281842],[-78.37902400005754,0.2403170000296345],[-78.38160600041653,0.25025499966857384],[-78.38407700015341,0.2510179997810146],[-78.38519299945733,0.24821299993005816],[-78.39102200026508,0.24467500045096185],[-78.39434699981416,0.2457070003778058],[-78.39853000025926,0.2493139994416291],[-78.39829400016795,0.24402600019987988],[-78.4022399995763,0.2414859999790041],[-78.40426399938403,0.24306299985768662],[-78.40597900023059,0.24739800011763077],[-78.41649699963678,0.2523919992914386],[-78.4205820000592,0.2520669995924589],[-78.42990399917018,0.2444070006826043],[-78.43537700064799,0.24204399963096776],[-78.43757100020143,0.23937199961809993],[-78.44830000034474,0.23826299973768025],[-78.45589200061528,0.2400989998690705],[-78.45765400003205,0.2448420000583784],[-78.46278099994316,0.2485369995829413],[-78.46683699992757,0.25553400029399415],[-78.47171800018556,0.24946600015590842],[-78.47584299975462,0.24687999961236795],[-78.4835330000479,0.25192600028471523],[-78.48685500035796,0.2519179999158283],[-78.48905900037254,0.2536310006702354],[-78.49062999997446,0.25304000039577035],[-78.49645699979065,0.24841600029825306],[-78.49707500041087,0.2435780002246216],[-78.50120100002606,0.24153399949456641],[-78.50733899979498,0.23510099961155556],[-78.50884900018119,0.22777499991635594],[-78.5123470005136,0.22604900036114464],[-78.5179610003998,0.22657900052053778],[-78.52093000061899,0.22878699982025896],[-78.52447500042092,0.2277390000548985],[-78.52838399992162,0.2288610005348151],[-78.53045600014418,0.2315230000864375],[-78.53301500034196,0.23165300068555736],[-78.53319799978782,0.23291799966605162],[-78.53683800037338,0.2344019997525528],[-78.53867699974369,0.23313199964221668],[-78.54120100012601,0.2375560004091242],[-78.54478499992771,0.23397699993869045],[-78.54603399996908,0.2301319997920286],[-78.55182099973932,0.2275419999633847],[-78.55387900021563,0.2242370004372978],[-78.55940000030971,0.22300400023450295],[-78.56326400043321,0.22412499976900208],[-78.5668519995201,0.22230899966065454],[-78.57700600012672,0.2248630005270856],[-78.58437000067495,0.2245749998364535],[-78.59348099994817,0.22233900014481542],[-78.59734500007166,0.22314400039540738],[-78.60497300020377,0.22032400075217093],[-78.60263000007436,0.2170289998885731],[-78.60545800008653,0.2165250000288147],[-78.61539000034823,0.22025500026808484],[-78.61597100016148,0.2188970005961265],[-78.61758899923292,0.21925500001831214],[-78.61767300040859,0.21685900014275242],[-78.6218919998159,0.21594500026165342],[-78.62643100049027,0.21719999968027406],[-78.63046299936784,0.21307700020350828],[-78.63072500065824,0.20968599940936314],[-78.63364400037027,0.2097239993631791],[-78.63547900045548,0.20691700031938864],[-78.63754300030917,0.2061439997458043],[-78.64078000029673,0.20803499971552178],[-78.64297900008076,0.20726200004144918],[-78.64540999977163,0.20978799961656613],[-78.64720499981087,0.2093319992724718],[-78.647661000155,0.21249500034406485],[-78.65000100014602,0.21443399982929376],[-78.65489500010413,0.21397100006161549],[-78.65696500023454,0.21604600042265806],[-78.65853300059746,0.2144149998524494],[-78.66145400040175,0.21508599931949712],[-78.66221200028353,0.21295900015769972],[-78.6658530000159,0.21421700061419813],[-78.67051699926004,0.21172000057765922]]]}},{"type":"Feature","properties":{"dpa_parroq":"170103","dpa_despar":"CENTRO HISTORICO"},"geometry":{"type":"Polygon","coordinates":[[[-78.52147399962533,-0.21841699984464816],[-78.52281000008138,-0.22121600031814262],[-78.52152300008636,-0.22192099955442923],[-78.52305399964231,-0.22307999994201433],[-78.52382199998526,-0.22635599992942143],[-78.52238899955265,-0.22739499927974755],[-78.52352200053984,-0.2343839996218753],[-78.52131100020243,-0.23621699961481052],[-78.5193380000486,-0.2348670003118154],[-78.51987700062303,-0.2369849999576831],[-78.51853599993643,-0.24022099989914478],[-78.51899800055725,-0.23716099998010853],[-78.51650899999032,-0.2347330004275921],[-78.51386099928567,-0.23355700015533032],[-78.50898800029589,-0.2337500000623943],[-78.5099230002462,-0.2306989996590715],[-78.50700200044187,-0.23072400081195604],[-78.50702699979611,-0.22749500029392566],[-78.50624300051402,-0.23011099952288339],[-78.50390100043079,-0.2311319998418462],[-78.50599100058417,-0.22987800046924578],[-78.50595599986947,-0.22606499999968063],[-78.50471700028929,-0.22582999995449082],[-78.50344400004055,-0.2192200000029325],[-78.50209399983817,-0.2185549999133213],[-78.50610000021481,-0.21499200018063594],[-78.50924899974147,-0.21863800014352724],[-78.5133120000487,-0.21548000020176333],[-78.5201060003916,-0.22008999965375076],[-78.52147399962533,-0.21841699984464816]]]}},{"type":"Feature","properties":{"dpa_parroq":"170101","dpa_despar":"BELISARIO QUEVEDO"},"geometry":{"type":"Polygon","coordinates":[[[-78.55319900033356,-0.16683399978922073],[-78.55545099986368,-0.16549700018631255],[-78.56269100008957,-0.16678899951267803],[-78.56025900035256,-0.17130700011786343],[-78.55628599969907,-0.1759649999847087],[-78.55112700011094,-0.17724500055630293],[-78.54747000054,-0.18069799971287295],[-78.54121699996452,-0.18393199956210335],[-78.53589500005415,-0.1917609999701458],[-78.51262199970544,-0.1988450001965844],[-78.51064500026649,-0.20362799953246594],[-78.51086899980446,-0.2063150002369983],[-78.50192600018471,-0.20216300032219364],[-78.4994150004019,-0.20637700039824314],[-78.49040000015985,-0.18353900032453138],[-78.49571400060063,-0.1863870003596847],[-78.50287099969678,-0.1837589996780057],[-78.50510600024164,-0.18113299998791707],[-78.50847299992898,-0.18219100021445936],[-78.50844000020578,-0.17744499988678547],[-78.51188900007722,-0.1758999996851742],[-78.51286199998125,-0.1758999996851742],[-78.51456400022838,-0.1799280001770264],[-78.52446800009804,-0.17644099945247388],[-78.53055899949818,-0.17591400033083127],[-78.53364099953242,-0.17343299923341163],[-78.54116000003393,-0.17185400016190783],[-78.54740100005608,-0.16854600049745494],[-78.5508839996968,-0.16864699975912595],[-78.55319900033356,-0.16683399978922073]]]}},{"type":"Feature","properties":{"dpa_parroq":"170130","dpa_despar":"SAN JUAN"},"geometry":{"type":"Polygon","coordinates":[[[-78.55990799945461,-0.17175500009312172],[-78.56269100008957,-0.16678899951267803],[-78.56788099930858,-0.16405899952314243],[-78.56836099986018,-0.1709960001652072],[-78.5647659995512,-0.17675699963575284],[-78.56654099956742,-0.1830969997267096],[-78.56610500014564,-0.18837100012148175],[-78.55911099957292,-0.20224899979139377],[-78.55118400004152,-0.2087290000432295],[-78.54945799958695,-0.20795099923920055],[-78.54797000021527,-0.21443399962927503],[-78.54170700007798,-0.21373499977038676],[-78.53921300017973,-0.21591399953136456],[-78.54057600008228,-0.21256799991323566],[-78.53553799977884,-0.21570499978586036],[-78.53794200002322,-0.21352299988649115],[-78.53749199995578,-0.2121519996150486],[-78.53022699947637,-0.2185919998208753],[-78.53168300007036,-0.21474200034298802],[-78.52579400009301,-0.2142399996761781],[-78.52105400004204,-0.21784400040022636],[-78.5201060003916,-0.22008999965375076],[-78.51452799946759,-0.21564399967080114],[-78.50924899974147,-0.21863800014352724],[-78.50610000021481,-0.21499200018063594],[-78.50468099952846,-0.2163820004289737],[-78.49949699968676,-0.2068090005348831],[-78.50136700048667,-0.20231600018321041],[-78.51119100026439,-0.20617800021442173],[-78.51062899952865,-0.20371000061595984],[-78.51189699954685,-0.19926699987214436],[-78.52959199987083,-0.19288000031169641],[-78.53589500005415,-0.1917609999701458],[-78.54121699996452,-0.18393199956210335],[-78.54747000054,-0.18069799971287295],[-78.55112700011094,-0.17724500055630293],[-78.55628599969907,-0.1759649999847087],[-78.55990799945461,-0.17175500009312172]]]}},{"type":"Feature","properties":{"dpa_parroq":"170155","dpa_despar":"CALDERON"},"geometry":{"type":"Polygon","coordinates":[[[-78.38816199967653,-0.03899499951957665],[-78.39499399997308,-0.03601499969240583],[-78.3976419997784,-0.0297889994626806],[-78.40200300033815,-0.03159100072406381],[-78.40740000010987,-0.03156300033213421],[-78.4108510000735,-0.03820399991460359],[-78.4165900003282,-0.04337099987166455],[-78.43039700032128,-0.02247599946775874],[-78.4314759997176,-0.0365189995521388],[-78.44126900076373,-0.05682100048877097],[-78.44447700031328,-0.05958500024752001],[-78.45210899973051,-0.05658600044353029],[-78.45552499987876,-0.05995699941591457],[-78.4558070002928,-0.06283599998135077],[-78.45455199997478,-0.06336800023296246],[-78.45483700052706,-0.06646400001349428],[-78.45367700009338,-0.06808099993812221],[-78.45406900018415,-0.0714210001790054],[-78.45157500028598,-0.07324499975686807],[-78.45045400075149,-0.07672700025082332],[-78.4513470005636,-0.07819599964560904],[-78.45070100045074,-0.0822689995146194],[-78.45642299992143,-0.0913240007020127],[-78.45520699960333,-0.0985749996364706],[-78.4564670001519,-0.103825999869974],[-78.46148900061684,-0.10812200013014561],[-78.45844099945255,-0.10934299977952738],[-78.4603440008749,-0.1096460002626431],[-78.46000700062258,-0.11250900009024184],[-78.46139299978704,-0.11167200016257865],[-78.45983299979311,-0.1144200000828875],[-78.45692700068047,-0.11453099980577847],[-78.44811900009178,-0.12210200000726062],[-78.44207600020717,-0.12399199993079249],[-78.4366009995364,-0.12379399979320758],[-78.4290319994272,-0.1306640000435193],[-78.41856899985942,-0.1313920003404719],[-78.40910599964211,-0.13714799958040758],[-78.40367300000888,-0.1344320002365545],[-78.39877699995851,-0.1341719999378138],[-78.39418400039128,-0.1312700001103789],[-78.3897849998778,-0.13119199921130936],[-78.38647600016724,-0.12664100068161072],[-78.3848479997354,-0.12903999979611375],[-78.38339600022523,-0.1275879993865693],[-78.38157099970185,-0.1279279997773535],[-78.38061599972853,-0.12611799994567433],[-78.38152600032464,-0.12504199978844785],[-78.38013500003021,-0.12448900036694151],[-78.37931900017163,-0.12199000023829855],[-78.37533099972583,-0.11966199990130566],[-78.37428700014488,-0.11537900024060552],[-78.37736600004081,-0.11287699997355839],[-78.37729100017945,-0.1111300003491697],[-78.38110400064905,-0.1093180004252974],[-78.38125200027957,-0.10629100022937808],[-78.38629999924551,-0.10317700051804757],[-78.38685899984294,-0.09833599940680553],[-78.38440900017515,-0.0970630000573353],[-78.3851910002644,-0.09540399999458156],[-78.38340499974088,-0.08839200039044237],[-78.38393300070736,-0.08573699936301937],[-78.38253000075889,-0.08538300012528356],[-78.38088499954304,-0.0801449995919943],[-78.37791099999255,-0.0791860003335972],[-78.37869699936698,-0.07740500004066142],[-78.37718499978784,-0.0756020005318235],[-78.3770759992579,-0.0724520000597019],[-78.3718669991626,-0.06945400030187235],[-78.37431599968357,-0.06771100086192075],[-78.37473199998175,-0.06463800034340035],[-78.37624899979146,-0.06412199993029247],[-78.37840000005988,-0.06600400038428378],[-78.38371500054679,-0.06188300010036474],[-78.38549299980208,-0.06221400007598735],[-78.38526500007964,-0.05524999998743592],[-78.38915399955738,-0.05234299992946737],[-78.38949899927931,-0.05032599954514346],[-78.38816199967653,-0.03899499951957665]]]}},{"type":"Feature","properties":{"dpa_parroq":"170163","dpa_despar":"GUAYLLABAMBA"},"geometry":{"type":"Polygon","coordinates":[[[-78.38816199967653,-0.03899499951957665],[-78.38949899927931,-0.05032599954514346],[-78.38915399955738,-0.05234299992946737],[-78.38526500007964,-0.05524999998743592],[-78.38549299980208,-0.06221400007598735],[-78.38371500054679,-0.06188300010036474],[-78.37840000005988,-0.06600400038428378],[-78.37624899979146,-0.06412199993029247],[-78.37473199998175,-0.06463800034340035],[-78.37431599968357,-0.06771100086192075],[-78.3718669991626,-0.06945400030187235],[-78.3770759992579,-0.0724520000597019],[-78.37718499978784,-0.0756020005318235],[-78.37869699936698,-0.07740500004066142],[-78.37791099999255,-0.0791860003335972],[-78.38088499954304,-0.0801449995919943],[-78.38253000075889,-0.08538300012528356],[-78.38400500043032,-0.08602199991527278],[-78.38340499974088,-0.08839200039044237],[-78.38511800049531,-0.09622599923042752],[-78.38256400052816,-0.09732000021776087],[-78.38174099944752,-0.09977300002387911],[-78.38048000065146,-0.09985299921642359],[-78.38069899995882,-0.10134299957974578],[-78.37866799982827,-0.10202500045336735],[-78.37623900022963,-0.09897400004998096],[-78.37445100051323,-0.09874599942827333],[-78.37432499919927,-0.09743000079385077],[-78.37221199978393,-0.0967530001507883],[-78.37072500045836,-0.09768399991664033],[-78.36794300076885,-0.09571599999332166],[-78.36712900010328,-0.0911560001492423],[-78.3639939994235,-0.09166699943241927],[-78.35904199948865,-0.08847899990589173],[-78.35775199935522,-0.08947199983286135],[-78.35821099983777,-0.08809499928476316],[-78.35410999957678,-0.08817000004541584],[-78.35476500010463,-0.08652799986718614],[-78.3511090005799,-0.0847159999434029],[-78.34780600024669,-0.08618400019138753],[-78.34276000047365,-0.0840319998768201],[-78.34635599992941,-0.08049400039773652],[-78.34374099984723,-0.07858199945968611],[-78.34336999982558,-0.07524000002589257],[-78.34050900009026,-0.07450699949840632],[-78.33836400009848,-0.071763999808682],[-78.33815899963811,-0.0658549998082814],[-78.32875000011241,-0.0693340001638834],[-78.32082699986606,-0.0674929998020104],[-78.31229300022177,-0.06860399977472498],[-78.31189599990044,-0.07057599988245529],[-78.3076259999399,-0.07432699929155648],[-78.30843199933722,-0.0703120002985221],[-78.30572899969356,-0.06246499995969368],[-78.29747100018648,-0.05347599911796958],[-78.29133599965664,-0.05289200006571757],[-78.2827260001048,-0.05817499997620316],[-78.27852300053598,-0.05899500001917693],[-78.2729950001191,-0.05673800025841234],[-78.28160500057025,-0.05319999987999512],[-78.29207600050697,-0.04127499944163541],[-78.29561999936345,-0.03894900009618199],[-78.29743700041716,-0.03581599950867348],[-78.29816599986093,-0.02950300066289615],[-78.30593999953129,-0.02585799984678047],[-78.30715500070266,-0.02964299992444146],[-78.30850900019014,-0.02963199941715039],[-78.31306699994207,-0.02591599982346097],[-78.31845800033639,-0.02520599945729434],[-78.32165100009351,-0.01960400012440838],[-78.32353700073193,-0.02051200062829987],[-78.32593199966205,-0.01871899978195101],[-78.33405299914654,-0.02454200031302426],[-78.33309299984202,-0.02601000056102161],[-78.33489800034239,-0.02721000014132776],[-78.33397199990782,-0.03221799996062724],[-78.33715400005701,-0.03666700008194285],[-78.33997699983867,-0.03744800012499142],[-78.34253299989794,-0.03522300004136167],[-78.34411800014557,-0.03560800070861222],[-78.3448939999581,-0.0336630000473177],[-78.34740899992536,-0.0342890001371691],[-78.35422100019898,-0.03106100056472157],[-78.35567699989363,-0.02426300003735017],[-78.35810600039153,-0.02296999976554177],[-78.36586900045398,-0.02813000029915873],[-78.37238300047503,-0.02906200011120908],[-78.3770570001804,-0.03230100019096041],[-78.38180099951649,-0.03153199980191494],[-78.38191200013861,-0.03442800025196423],[-78.38465000049706,-0.0375190007012706],[-78.38816199967653,-0.03899499951957665]]]}},{"type":"Feature","properties":{"dpa_parroq":"170160","dpa_despar":"EL QUINCHE"},"geometry":{"type":"Polygon","coordinates":[[[-78.3076259999399,-0.07432699929155648],[-78.31189599990044,-0.07057599988245529],[-78.31229300022177,-0.06860399977472498],[-78.32082699986606,-0.0674929998020104],[-78.32875000011241,-0.0693340001638834],[-78.33815899963811,-0.0658549998082814],[-78.33836400009848,-0.071763999808682],[-78.34050900009026,-0.07450699949840632],[-78.34336999982558,-0.07524000002589257],[-78.34374099984723,-0.07858199945968611],[-78.34635599992941,-0.08049400039773652],[-78.34276000047365,-0.0840319998768201],[-78.34780600024669,-0.08618400019138753],[-78.3511090005799,-0.0847159999434029],[-78.35301099925817,-0.08649700023628779],[-78.3504530000059,-0.08878300043502764],[-78.35101499984233,-0.09000799936964009],[-78.3487259995052,-0.09034699971420052],[-78.34976099957045,-0.09289700039618176],[-78.34706100006504,-0.09469300048151208],[-78.3443289999833,-0.10051800020552112],[-78.3369339998042,-0.1032120003334975],[-78.33604700026883,-0.10457899952113113],[-78.33011600015321,-0.10328600014871998],[-78.32724900014121,-0.10419400065253513],[-78.32585300051552,-0.10643399962932755],[-78.32389899943924,-0.10642500011361411],[-78.32384199950864,-0.10834699971419176],[-78.31978899966255,-0.11136100020994782],[-78.3174290005479,-0.11507200047243724],[-78.31257000040517,-0.11690799970432844],[-78.31105500068766,-0.11979699983162553],[-78.30953499984032,-0.11940800077852882],[-78.30363900043949,-0.12938999974864432],[-78.29444600008281,-0.13258700058959075],[-78.29009799922325,-0.1326129999899173],[-78.28982099993917,-0.1315710005011743],[-78.28531299979507,-0.1322369997377011],[-78.28098900004227,-0.13594499986179906],[-78.27803199947716,-0.13677899965110898],[-78.27605700013045,-0.13521599951872446],[-78.27200499943116,-0.1355820002090416],[-78.26582700051561,-0.1340359999613974],[-78.26198600055343,-0.14070199979734133],[-78.25884199945871,-0.1428630005270449],[-78.25820599980699,-0.14569399977827696],[-78.25651299997487,-0.1453279999871535],[-78.24787199989284,-0.15016199987630968],[-78.233309999257,-0.14744700057855314],[-78.22232300070588,-0.15237100012148652],[-78.21320799944955,-0.15464400062007583],[-78.19542400041722,-0.16873200008166495],[-78.19094099962739,-0.17407199992278538],[-78.18851599931386,-0.17939499987927998],[-78.18156699991707,-0.17920900029509543],[-78.1734060003866,-0.16942599971008318],[-78.17009699977667,-0.1705809999131421],[-78.17758899993238,-0.15983499988529568],[-78.18252900021315,-0.15492199995026884],[-78.19551800025546,-0.1499520000846708],[-78.20687499968146,-0.14175100050820832],[-78.22804799941555,-0.13375400044669095],[-78.23395999955429,-0.1345399998210413],[-78.2373120003485,-0.13228499925328885],[-78.24223699993756,-0.13120099962635645],[-78.24354399995559,-0.12900700007290777],[-78.24936699958735,-0.12670399998955484],[-78.25158000001693,-0.12347599951768462],[-78.25429200007568,-0.12236199940668038],[-78.25881199987383,-0.12428199981437313],[-78.2696479995555,-0.12459799999766483],[-78.27670600038157,-0.12064100008204091],[-78.27397400029987,-0.1198260002696644],[-78.2643010002909,-0.12118399994162275],[-78.25378999940894,-0.11713300018777185],[-78.2376879997014,-0.11522000010284403],[-78.233074000065,-0.10926699987207363],[-78.22333399966429,-0.10559400046267019],[-78.21939500057877,-0.10264600031262149],[-78.21160500017064,-0.08897899958109853],[-78.2383059994223,-0.0823559999294024],[-78.23813599967664,-0.09048199964450766],[-78.2434490000713,-0.09192399959283212],[-78.24849000051306,-0.09510100041077406],[-78.25205800047632,-0.09542400001756064],[-78.2594780000097,-0.09906799988819523],[-78.27552199974046,-0.09827400014497069],[-78.27923699928805,-0.09563300066237301],[-78.28763199971691,-0.09356699981712022],[-78.28783800022346,-0.09202800079160002],[-78.28957300019371,-0.09244200009814584],[-78.29242500041342,-0.08995599966955163],[-78.301862000331,-0.08954300040908963],[-78.30712500021858,-0.07891700051910491],[-78.3076259999399,-0.07432699929155648]]]}},{"type":"Feature","properties":{"dpa_parroq":"170159","dpa_despar":"CHECA"},"geometry":{"type":"Polygon","coordinates":[[[-78.18156699991707,-0.17920900029509543],[-78.18897500069569,-0.17920700020280056],[-78.19094099962739,-0.17407199992278538],[-78.19542400041722,-0.16873200008166495],[-78.21320799944955,-0.15464400062007583],[-78.22232300070588,-0.15237100012148652],[-78.233309999257,-0.14744700057855314],[-78.24787199989284,-0.15016199987630968],[-78.25651299997487,-0.1453279999871535],[-78.25820599980699,-0.14569399977827696],[-78.25884199945871,-0.1428630005270449],[-78.26198600055343,-0.14070199979734133],[-78.26582700051561,-0.1340359999613974],[-78.27200499943116,-0.1355820002090416],[-78.27605700013045,-0.13521599951872446],[-78.27803199947716,-0.13677899965110898],[-78.28098900004227,-0.13594499986179906],[-78.28531299979507,-0.1322369997377011],[-78.28982099993917,-0.1315710005011743],[-78.29009799922325,-0.1326129999899173],[-78.29444600008281,-0.13258700058959075],[-78.30363900043949,-0.12938999974864432],[-78.30953499984032,-0.11940800077852882],[-78.31105500068766,-0.11979699983162553],[-78.31257000040517,-0.11690799970432844],[-78.3174290005479,-0.11507200047243724],[-78.31978899966255,-0.11136100020994782],[-78.32384199950864,-0.10834699971419176],[-78.32389899943924,-0.10642500011361411],[-78.32585300051552,-0.10643399962932755],[-78.32724900014121,-0.10419400065253513],[-78.33011600015321,-0.10328600014871998],[-78.33604700026883,-0.10457899952113113],[-78.3369339998042,-0.1032120003334975],[-78.34439799956802,-0.10045299990599936],[-78.34488400039625,-0.10465900051243196],[-78.34226400008347,-0.1056199998630476],[-78.34379300044657,-0.10613400018386059],[-78.34310400014944,-0.10882400012746349],[-78.34183899937024,-0.10911600010324995],[-78.34246699955234,-0.11461900026659441],[-78.33949099990964,-0.11758100016292836],[-78.33806199966149,-0.12182999915508143],[-78.33653699948292,-0.12204400003054196],[-78.3376620001012,-0.12389299986195551],[-78.33590900020013,-0.12497100011154047],[-78.33591199943919,-0.12857399989010765],[-78.33438800020599,-0.12835000035223437],[-78.33379300064641,-0.13017999930746993],[-78.33213399968425,-0.13697599974255917],[-78.33318999981859,-0.14080600009675012],[-78.3306160007278,-0.1490750001110749],[-78.32744100000214,-0.15113399973422914],[-78.3249890002421,-0.1504179999906896],[-78.32159800034742,-0.15197900003076653],[-78.31479299949727,-0.15903900004972535],[-78.30942600020971,-0.1583000001448153],[-78.30632899948368,-0.16064300027419],[-78.30574500043139,-0.16397699933896942],[-78.30326400023341,-0.16620000022972697],[-78.30424899979144,-0.16782699971617762],[-78.30295200023461,-0.17255600015920025],[-78.30094600035764,-0.17444899932181537],[-78.29864999969769,-0.17390500031544517],[-78.29203200027656,-0.17701900002681384],[-78.28660600006678,-0.18307499961149926],[-78.27988799963141,-0.18788200005421965],[-78.27775200005469,-0.19052400048217116],[-78.27686100033483,-0.1977490000162771],[-78.27325699961078,-0.2009880000960793],[-78.26381200022357,-0.19722400008745578],[-78.25718200024907,-0.20498600010377063],[-78.25421600016826,-0.2062099998915184],[-78.24838200002924,-0.20600700042269532],[-78.23991800001569,-0.2034529995562515],[-78.22738999964871,-0.1967610003198284],[-78.22373799940907,-0.19910700058753092],[-78.21240200005225,-0.19837700019835977],[-78.2043100001064,-0.2027919996510138],[-78.19518900037203,-0.20256299988245421],[-78.18913800011859,-0.19790099983126092],[-78.18769700021636,-0.19436799968337737],[-78.18121299978006,-0.18780800023898445],[-78.18156699991707,-0.17920900029509543]]]}},{"type":"Feature","properties":{"dpa_parroq":"170185","dpa_despar":"YARUQUI"},"geometry":{"type":"Polygon","coordinates":[[[-78.21240200005225,-0.19837700019835977],[-78.22373799940907,-0.19910700058753092],[-78.2270209997193,-0.19677900025061437],[-78.22866299989745,-0.1969370003422284],[-78.23991800001569,-0.2034529995562515],[-78.24838200002924,-0.20600700042269532],[-78.25421600016826,-0.2062099998915184],[-78.25933299961817,-0.20347899985589896],[-78.2611569991961,-0.19928400065607837],[-78.26381200022357,-0.19722400008745578],[-78.2675640005781,-0.19788200075366116],[-78.27294600055745,-0.20092800002711664],[-78.27505199965002,-0.2000329992234902],[-78.27706900003425,-0.19730100004109513],[-78.27775200005469,-0.19052400048217116],[-78.27988799963141,-0.18788200005421965],[-78.28660600006678,-0.18307499961149926],[-78.29203200027656,-0.17701900002681384],[-78.29864999969769,-0.17390500031544517],[-78.30094600035764,-0.17444899932181537],[-78.30295200023461,-0.17255600015920025],[-78.30424899979144,-0.16782699971617762],[-78.30326400023341,-0.16620000022972697],[-78.30574500043139,-0.16397699933896942],[-78.30632899948368,-0.16064300027419],[-78.30942600020971,-0.1583000001448153],[-78.31479299949727,-0.15903900004972535],[-78.32159800034742,-0.15197900003076653],[-78.3249890002421,-0.1504179999906896],[-78.32744100000214,-0.15113399973422914],[-78.3306160007278,-0.1490750001110749],[-78.33318999981859,-0.14080600009675012],[-78.33213399968425,-0.13697599974255917],[-78.33379300064641,-0.13017999930746993],[-78.33438800020599,-0.12835000035223437],[-78.33591199943919,-0.12857399989010765],[-78.33590900020013,-0.12497100011154047],[-78.3376620001012,-0.12389299986195551],[-78.33653699948292,-0.12204400003054196],[-78.33806199966149,-0.12182999915508143],[-78.33949099990964,-0.11758100016292836],[-78.34246699955234,-0.11461900026659441],[-78.34183899937024,-0.10911600010324995],[-78.34310400014944,-0.10882400012746349],[-78.34379300044657,-0.10613400018386059],[-78.34226400008347,-0.1056199998630476],[-78.34488400039625,-0.10465900051243196],[-78.34427899947622,-0.10126799971831225],[-78.34539399963337,-0.0970330004725335],[-78.34976099957045,-0.09289700039618176],[-78.3487259995052,-0.09034699971420052],[-78.35101499984233,-0.09000799936964009],[-78.3504530000059,-0.08878300043502764],[-78.35291899951211,-0.08654100046677209],[-78.35476500010463,-0.08652799986718614],[-78.35410999957678,-0.08817000004541584],[-78.35821099983777,-0.08809499928476316],[-78.35775199935522,-0.08947199983286135],[-78.36029100042929,-0.08892200054981006],[-78.35954999953282,-0.09706999948080475],[-78.35461299939035,-0.09888399949692102],[-78.35026400028336,-0.10649299965219367],[-78.3509340006036,-0.1093120001486036],[-78.3499169995698,-0.11282400022737336],[-78.3521989995841,-0.1183169999295233],[-78.35093199961203,-0.1255990002934959],[-78.34435900046745,-0.13667699944390602],[-78.34455100032837,-0.14384800008508944],[-78.3426950001741,-0.1469490000962567],[-78.34296700012693,-0.15203299982306082],[-78.33950899984042,-0.1557890003619657],[-78.33680700024287,-0.16697499999619622],[-78.33511799969588,-0.16922699952637626],[-78.33996500018453,-0.17014599963808524],[-78.33491300013478,-0.18591099999258587],[-78.32926899976448,-0.19001000016133274],[-78.33234500042137,-0.1992810005176742],[-78.33710700058761,-0.20356100004005925],[-78.33701700003449,-0.20927800017949244],[-78.33394399951591,-0.2105409999671145],[-78.33220100007604,-0.21581000013135299],[-78.33003500001517,-0.21579100015449593],[-78.32659100037428,-0.21821599956864637],[-78.32476199966653,-0.22243699996747351],[-78.3225229998365,-0.22331999931846774],[-78.31973800000866,-0.2223470003137472],[-78.31485200041944,-0.22497400004997056],[-78.31036599949121,-0.2306389995900834],[-78.31229200017559,-0.23510199945763338],[-78.30748299964064,-0.23932399990263342],[-78.29138600016378,-0.24091800056519902],[-78.27627899957606,-0.23399699976170169],[-78.27380699979315,-0.2350779992502045],[-78.27068699980514,-0.23430499957601741],[-78.26550400000954,-0.2300979998227074],[-78.26178700036971,-0.22939299968713803],[-78.25847899980596,-0.23033700005243607],[-78.2516139997862,-0.22834300072882904],[-78.24676699929755,-0.22425500016806504],[-78.24086999985057,-0.22181199992384587],[-78.23515000047213,-0.21638699976012285],[-78.22172700020084,-0.20921399992613082],[-78.21240200005225,-0.19837700019835977]]]}},{"type":"Feature","properties":{"dpa_parroq":"170183","dpa_despar":"TABABELA"},"geometry":{"type":"Polygon","coordinates":[[[-78.3364489999213,-0.21005399999199462],[-78.33720899989534,-0.20382800066157758],[-78.33234500042137,-0.1992810005176742],[-78.32926899976448,-0.19001000016133274],[-78.33491300013478,-0.18591099999258587],[-78.33996500018453,-0.17014599963808524],[-78.33511799969588,-0.16922699952637626],[-78.33680700024287,-0.16697499999619622],[-78.33950899984042,-0.1557890003619657],[-78.34296700012693,-0.15203299982306082],[-78.3426950001741,-0.1469490000962567],[-78.34455100032837,-0.14384800008508944],[-78.34435900046745,-0.13667699944390602],[-78.35093199961203,-0.1255990002934959],[-78.3521989995841,-0.1183169999295233],[-78.3499169995698,-0.11282400022737336],[-78.3509340006036,-0.1093120001486036],[-78.35026400028336,-0.10649299965219367],[-78.35461299939035,-0.09888399949692102],[-78.35954999953282,-0.09706999948080475],[-78.36032499929924,-0.08934100008697858],[-78.3639939994235,-0.09166699943241927],[-78.36712900010328,-0.0911560001492423],[-78.36794300076885,-0.09571599999332166],[-78.37072500045836,-0.09768399991664033],[-78.37221199978393,-0.0967530001507883],[-78.37432499919927,-0.09743000079385077],[-78.37445100051323,-0.09874599942827333],[-78.37623900022963,-0.09897400004998096],[-78.37859800019748,-0.10201800013053881],[-78.38069899995882,-0.10134299957974578],[-78.38048000065146,-0.09985299921642359],[-78.38174099944752,-0.09977300002387911],[-78.38256400052816,-0.09732000021776087],[-78.3862020001222,-0.09742799980226041],[-78.38629999924551,-0.10317700051804757],[-78.38125200027957,-0.10629100022937808],[-78.38110400064905,-0.1093180004252974],[-78.37729100017945,-0.1111300003491697],[-78.37736600004081,-0.11287699997355839],[-78.37440800032888,-0.1149859992044426],[-78.37533099972583,-0.11966199990130566],[-78.37375299980108,-0.1248229995817237],[-78.36777399927063,-0.1275319995021328],[-78.36459900034359,-0.1314539996023449],[-78.36474300068892,-0.13739800031744004],[-78.35922699992608,-0.14528099961831595],[-78.35855900059741,-0.1518189998469085],[-78.3564359998215,-0.15368200032400456],[-78.35607100007654,-0.15819599984549557],[-78.35494900049592,-0.1587379996589045],[-78.35432299950676,-0.16160199953259982],[-78.35532299975662,-0.1623469997142291],[-78.35367500020104,-0.16864499966698374],[-78.35529600031012,-0.1724719998828087],[-78.35168300007031,-0.18032899978345984],[-78.35161599967859,-0.18652000019778603],[-78.3413370005021,-0.1963450000216795],[-78.33998599935428,-0.19985900019260422],[-78.34095199983489,-0.20217299988401635],[-78.3404390004595,-0.20353499974037365],[-78.33927499984135,-0.20294800054970474],[-78.33797200000775,-0.20851600011325006],[-78.3364489999213,-0.21005399999199462]]]}},{"type":"Feature","properties":{"dpa_parroq":"170179","dpa_despar":"PUEMBO"},"geometry":{"type":"Polygon","coordinates":[[[-78.34094700050358,-0.20218699963027617],[-78.33998599935428,-0.19985900019260422],[-78.3413370005021,-0.1963450000216795],[-78.35161599967859,-0.18652000019778603],[-78.35168300007031,-0.18032899978345984],[-78.35529600031012,-0.1724719998828087],[-78.35367500020104,-0.16864499966698374],[-78.35532299975662,-0.1623469997142291],[-78.35432299950676,-0.16160199953259982],[-78.35494900049592,-0.1587379996589045],[-78.35607100007654,-0.15819599984549557],[-78.3564359998215,-0.15368200032400456],[-78.35855900059741,-0.1518189998469085],[-78.35922699992608,-0.14528099961831595],[-78.36474300068892,-0.13739800031744004],[-78.36459900034359,-0.1314539996023449],[-78.36777399927063,-0.1275319995021328],[-78.37327599938781,-0.1255470005935474],[-78.37533099972583,-0.11966199990130566],[-78.37963300026269,-0.12236599959114293],[-78.38158000011681,-0.12516999939591372],[-78.38061599972853,-0.12611799994567433],[-78.38167900018567,-0.12800200049190963],[-78.38339600022523,-0.1275879993865693],[-78.3848479997354,-0.12903999979611375],[-78.38666800002814,-0.12675300045056007],[-78.38730599977201,-0.12898700004992872],[-78.39124199961859,-0.1315480003398165],[-78.3896380002934,-0.13400700042269215],[-78.3927639996588,-0.13554000007087763],[-78.3942519999298,-0.13872599950516118],[-78.39631200049837,-0.1392300002642405],[-78.39518300059494,-0.14056200053584691],[-78.39741199996378,-0.14270399948992432],[-78.39434499972191,-0.15055300082031767],[-78.39526699997204,-0.15237699949888486],[-78.39365100009353,-0.15494400006545375],[-78.3942319999068,-0.15908200023407493],[-78.3916909996399,-0.16021200018362114],[-78.39224199986832,-0.16321300007985484],[-78.39076900028908,-0.16483100005059204],[-78.3889849998578,-0.16417700046814468],[-78.38796500048436,-0.1660170007839084],[-78.38587599947776,-0.165677999539938],[-78.38695000044213,-0.16738600006379875],[-78.38514599998783,-0.1678059996470511],[-78.38237299981404,-0.17421300012978633],[-78.38029599936084,-0.17329699925703337],[-78.38044399989062,-0.1779509998386988],[-78.38208500002271,-0.17917200038743966],[-78.38001000056101,-0.17925400057163812],[-78.38071499979733,-0.18044100045179373],[-78.37944399964083,-0.18048899996734333],[-78.37946300051703,-0.18170399934001855],[-78.37750099997115,-0.1816500004471215],[-78.3751070001879,-0.18395299963111536],[-78.37520700030275,-0.19225900045246772],[-78.3714879996714,-0.1973480004098182],[-78.37331799952604,-0.20034900030605193],[-78.37031200029851,-0.20477500026600975],[-78.36994999979257,-0.2102249997838737],[-78.36538400057107,-0.21282299998140453],[-78.36462999997448,-0.21747100028632527],[-78.36253399954438,-0.21868799975134628],[-78.35531900047144,-0.21013500013007108],[-78.34094700050358,-0.20218699963027617]]]}},{"type":"Feature","properties":{"dpa_parroq":"170166","dpa_despar":"LLOA"},"geometry":{"type":"Polygon","coordinates":[[[-78.56817199923832,-0.16827900077523208],[-78.58118000015682,-0.1702320000067208],[-78.58746999974069,-0.17291899981190684],[-78.58538799995618,-0.1671209995344608],[-78.58742699955629,-0.15636500084406169],[-78.58679199995076,-0.15034300012929425],[-78.58932100056371,-0.1491089998803647],[-78.59141500000223,-0.1435940000629408],[-78.5982410000221,-0.13304099994210744],[-78.60528500020257,-0.12992600018468037],[-78.60859800009756,-0.12199200033050438],[-78.61695300048052,-0.11876800004312213],[-78.61897300010381,-0.11497499959640883],[-78.62274100029694,-0.1146829996206478],[-78.62461999971315,-0.11243999960623209],[-78.62786699926255,-0.11111699974968552],[-78.6300600005685,-0.11186400002354609],[-78.63399099928513,-0.10946299991747815],[-78.6379749995465,-0.09761500033190061],[-78.64170300059293,-0.0974730000788031],[-78.64371099966283,-0.09876000007390495],[-78.64852999975965,-0.09472799939760293],[-78.64945200000973,-0.09683699952780805],[-78.64762700038574,-0.1005750001360669],[-78.65078600037359,-0.10293600019622758],[-78.65062899942875,-0.10505500078760177],[-78.65941400075543,-0.11975599973950722],[-78.65848400013648,-0.125014000295801],[-78.66070999936694,-0.128475999867469],[-78.65905799962691,-0.13244600038253893],[-78.65943700001743,-0.1360740004147333],[-78.66574099934758,-0.13550700034765897],[-78.6778860000388,-0.12911600060288841],[-78.68152199954064,-0.13198899999228442],[-78.68398499980788,-0.1364529999060073],[-78.68585199957008,-0.1370549997883153],[-78.6900339999691,-0.13542600020962067],[-78.69234999975264,-0.12890099968128044],[-78.69862700053564,-0.13203999964617458],[-78.70574899981646,-0.13113799941906595],[-78.70607800059922,-0.12924999958775263],[-78.7101330005375,-0.13023799928420132],[-78.7154510002634,-0.12819400035274983],[-78.71789999988505,-0.13026100034482915],[-78.72228499975287,-0.12931699997949295],[-78.72580100001605,-0.13173399992411555],[-78.72863699949792,-0.1315089994406849],[-78.73284800033491,-0.13322599948028452],[-78.745196000495,-0.1275179997557712],[-78.7527479998203,-0.12866399954388483],[-78.75428100036783,-0.1256390003395177],[-78.75708400012643,-0.1264520000597138],[-78.76464999919806,-0.1242990005983453],[-78.77401399934655,-0.11786299967762208],[-78.78928299931096,-0.11066699968215779],[-78.79376299996242,-0.10529500016404246],[-78.80041099986768,-0.10094199997326146],[-78.80158900023208,-0.09492200025004621],[-78.80369600027018,-0.09218700002995152],[-78.80339199974095,-0.10040400034427688],[-78.80726300018726,-0.10437099982174895],[-78.81007400031484,-0.1120549998383279],[-78.81413399958439,-0.11430999950682305],[-78.81832599954517,-0.1123639996987529],[-78.81926500057926,-0.10538699991008908],[-78.82436400009848,-0.10460100053568784],[-78.82909999996495,-0.09964499951704141],[-78.83182599977006,-0.09864700025876999],[-78.83357299939438,-0.09309699972665159],[-78.83627800002968,-0.0941780001145262],[-78.83799500006913,-0.09812100028383941],[-78.84020900054492,-0.09909600028015028],[-78.83765600062388,-0.10032500029844442],[-78.83603600056094,-0.10470299984349356],[-78.83624000007592,-0.10819099971473266],[-78.83428399980673,-0.11183500048486629],[-78.83163700004746,-0.1145980001975315],[-78.82806900008426,-0.11525300072533273],[-78.82845099971384,-0.11738999944885106],[-78.83762099990918,-0.12704100024192216],[-78.83975800043135,-0.13470400018941278],[-78.83402000022276,-0.13867900003574632],[-78.83604900026111,-0.13982900000829704],[-78.83363199941724,-0.1410169999345492],[-78.8333620004559,-0.14245500059774477],[-78.83547599991742,-0.14803799995368458],[-78.83562799973238,-0.15315100011846397],[-78.83348700082442,-0.15697100001160036],[-78.83308699946542,-0.16111700054905756],[-78.83803700020734,-0.16217900006074146],[-78.8397279999472,-0.16123900077918873],[-78.84236099996015,-0.1660250002534235],[-78.83875299995091,-0.1679439997157497],[-78.83988600003885,-0.17046600000581405],[-78.83303000043409,-0.17427000006039572],[-78.82985100042323,-0.17823699953782962],[-78.83241700004444,-0.18229700060607398],[-78.83173699926307,-0.18675100005857687],[-78.82230200033699,-0.19544399984069288],[-78.81036600029063,-0.2036959999703155],[-78.80171200050833,-0.20617600012220316],[-78.79407199982289,-0.2134800006014752],[-78.78917799986473,-0.21486100043475317],[-78.78669499957455,-0.21102899998828006],[-78.78510499999574,-0.2116109998476726],[-78.78566899992437,-0.21081500001220405],[-78.78237199986788,-0.21428099976827097],[-78.77837900009077,-0.22409800012254757],[-78.77137399991011,-0.2283480000601054],[-78.7694239999176,-0.23321299958024896],[-78.76607300006883,-0.2369480000500655],[-78.75952399933301,-0.2395860002936308],[-78.75932599919545,-0.25151299992493903],[-78.75414699958438,-0.25197999987707986],[-78.75286999915105,-0.2611150002570304],[-78.74883700022735,-0.267947000553577],[-78.74611899989192,-0.2772169999645392],[-78.74489700019637,-0.29453600003631364],[-78.74173900025458,-0.29782499972385856],[-78.73730599997191,-0.2988579996969263],[-78.72994799970039,-0.31991200023852995],[-78.72516799960346,-0.32197299995389],[-78.72149599934083,-0.3259230004460063],[-78.71950200001724,-0.32509099984972123],[-78.71433400001403,-0.3181439996458211],[-78.70180000026974,-0.3197760002621772],[-78.69666499998968,-0.32169000039315065],[-78.69193399945446,-0.3208140004657149],[-78.6865409998672,-0.3223589997679289],[-78.68119299965714,-0.32110199935767975],[-78.67476800014302,-0.329754999993184],[-78.67268499941312,-0.3373719996180353],[-78.66845400035182,-0.34053599983642946],[-78.66618299994545,-0.3526669998820546],[-78.659533999994,-0.36126699987211647],[-78.64747099948696,-0.35938799955647843],[-78.62791899986189,-0.3614710002863443],[-78.61926600012578,-0.356853000465559],[-78.61090600041152,-0.35572499970892313],[-78.6065080008435,-0.3514250001635972],[-78.59920999974167,-0.351571999747882],[-78.59764799965538,-0.34915299971111713],[-78.59681700000456,-0.3413969999715088],[-78.59845900018271,-0.3405910005741921],[-78.59850500050528,-0.33914599958811714],[-78.60094200047294,-0.338773000373626],[-78.59968700015489,-0.3344829994907637],[-78.60255100002857,-0.333354999633436],[-78.6008639995739,-0.32995600026912214],[-78.60142300017127,-0.32649300065138304],[-78.60340799997915,-0.3243360001062438],[-78.60725400017189,-0.3236669998321319],[-78.60234999975265,-0.3183560004290503],[-78.60082799971238,-0.31112000038761517],[-78.60499900050343,-0.3056040005241329],[-78.60930000009489,-0.3044770007129145],[-78.61035700027534,-0.30229599996034634],[-78.61046799999815,-0.2846260007892784],[-78.60605399969229,-0.27797500074562725],[-78.60509999976507,-0.2741020002070994],[-78.59640099970639,-0.26383299969312746],[-78.5825470002438,-0.2636420007776411],[-78.57255499991328,-0.2573529994413172],[-78.56972599985498,-0.2474980000326219],[-78.56463099962089,-0.23969499992427779],[-78.55787800026944,-0.23323999992596753],[-78.55614799963043,-0.22269700026626507],[-78.55438300007535,-0.21888900002723358],[-78.5494110001175,-0.21429899969904423],[-78.54857700032824,-0.2102730001987315],[-78.54974400018537,-0.21026499982978095],[-78.54945799958695,-0.20795099923920055],[-78.55118400004152,-0.2087290000432295],[-78.55911099957292,-0.20224899979139377],[-78.56379200050037,-0.19335899991780214],[-78.56662199970546,-0.184816999904548],[-78.5647659995512,-0.17675699963575284],[-78.56836099986018,-0.1709960001652072],[-78.56817199923832,-0.16827900077523208]]]}},{"type":"Feature","properties":{"dpa_parroq":"170165","dpa_despar":"LLANO CHICO"},"geometry":{"type":"Polygon","coordinates":[[[-78.40787099934705,-0.13687999981207546],[-78.410491999706,-0.1367259999048858],[-78.41350700024783,-0.13356000049353042],[-78.41856899985942,-0.1313920003404719],[-78.4290319994272,-0.1306640000435193],[-78.4366009995364,-0.12379399979320758],[-78.44557699977862,-0.12306699954233881],[-78.4581620000762,-0.11807499956147953],[-78.45975899997782,-0.12171800028542755],[-78.46314499964198,-0.12494099962739232],[-78.46278599927435,-0.1272769994339003],[-78.46195999985402,-0.12469899925931038],[-78.46026000059848,-0.12456600032061904],[-78.45574199999325,-0.1295629996327038],[-78.45569399957834,-0.12768100007802066],[-78.45423600069081,-0.12812499986881642],[-78.44808399937706,-0.12443400052866517],[-78.44718400014143,-0.12590600006180414],[-78.44993200006171,-0.13220899934575878],[-78.44828699974524,-0.13496899981941707],[-78.44942800020203,-0.13722000020277061],[-78.44768100057767,-0.13851999989801028],[-78.45255999984407,-0.14039299993699267],[-78.45104900031106,-0.14117700011841997],[-78.44702700009591,-0.14001000026125615],[-78.44111800009557,-0.1450309997807825],[-78.43753599948673,-0.14605400019187484],[-78.42707800014958,-0.14155700055512413],[-78.4258350003849,-0.1385999999899266],[-78.41208399937706,-0.13850900029006558],[-78.40787099934705,-0.13687999981207546]]]}},{"type":"Feature","properties":{"dpa_parroq":"170186","dpa_despar":"ZAMBIZA"},"geometry":{"type":"Polygon","coordinates":[[[-78.40787099934705,-0.13687999981207546],[-78.41208399937706,-0.13850900029006558],[-78.4258350003849,-0.1385999999899266],[-78.42707800014958,-0.14155700055512413],[-78.43753599948673,-0.14605400019187484],[-78.44111800009557,-0.1450309997807825],[-78.44702700009591,-0.14001000026125615],[-78.45104900031106,-0.14117700011841997],[-78.45255999984407,-0.14039299993699267],[-78.44776700004695,-0.141504999955702],[-78.44608699991504,-0.14353099985568848],[-78.44717300053351,-0.14749700018635947],[-78.450037999554,-0.14714600018768145],[-78.439490000563,-0.15333899979494342],[-78.42549399994807,-0.1525759996826045],[-78.4225320000517,-0.1509199997581277],[-78.41711100007257,-0.15244499993672173],[-78.41200200009214,-0.15016700010689424],[-78.40598499960798,-0.15502600024967764],[-78.400665999836,-0.14853300029766595],[-78.40120200027204,-0.14560500017052],[-78.39891099984273,-0.1448769998735801],[-78.3966929991825,-0.1409860003035618],[-78.39523500029496,-0.14069500037389734],[-78.39631200049837,-0.1392300002642405],[-78.3942519999298,-0.13872599950516118],[-78.3927639996588,-0.13554000007087763],[-78.3895719999478,-0.13375299950127348],[-78.39122100044877,-0.13224800024491584],[-78.39008699941544,-0.13127900052538782],[-78.39418400039128,-0.1312700001103789],[-78.39877699995851,-0.1341719999378138],[-78.40367300000888,-0.1344320002365545],[-78.40787099934705,-0.13687999981207546]]]}},{"type":"Feature","properties":{"dpa_parroq":"170170","dpa_despar":"NAYON"},"geometry":{"type":"Polygon","coordinates":[[[-78.45257399959034,-0.1578110000774896],[-78.44840599983698,-0.1567049994361277],[-78.45006300070689,-0.16246000042858322],[-78.4431969997417,-0.16408900000732873],[-78.44522100044875,-0.17113300018773286],[-78.44710600014172,-0.17088800058065676],[-78.44564400017042,-0.17195700041522008],[-78.44720999954183,-0.17253199995177138],[-78.44575599993941,-0.17739599942579296],[-78.44321799981084,-0.18001300049947636],[-78.4456309995709,-0.18127300014882147],[-78.44860500002066,-0.17928500020248558],[-78.45120600035658,-0.17977700040819],[-78.45104600017268,-0.18379900062327206],[-78.45377400006998,-0.18587300003885898],[-78.45318800002616,-0.18858800023601277],[-78.45114600028762,-0.18993999963121372],[-78.45315700039521,-0.19269399982816549],[-78.44988999992354,-0.19104800036489594],[-78.44993300010783,-0.19298599980400283],[-78.44629999984504,-0.19249199950611803],[-78.44639700072096,-0.19429599996039887],[-78.44408899950768,-0.19504100014201545],[-78.43402400030732,-0.1893200007174025],[-78.43067699974372,-0.1855750006856869],[-78.42682099998912,-0.18615300036059146],[-78.42298799949651,-0.18436399969881967],[-78.42051799980574,-0.18588899987743912],[-78.41337100027138,-0.18482799951251813],[-78.41354500020155,-0.177930999815707],[-78.41695800021147,-0.17780900048494766],[-78.41842800055173,-0.17432800003712712],[-78.41503500056474,-0.17561300083931863],[-78.41604100019198,-0.17188700078439653],[-78.41227099990672,-0.17323700008740434],[-78.41181199942415,-0.17115999963423228],[-78.41039600067482,-0.17054299995941524],[-78.41282200013514,-0.16127899992580053],[-78.40992899982344,-0.1564060000368209],[-78.40830999980662,-0.15715799964188149],[-78.40598499960798,-0.15502600024967764],[-78.4093090000103,-0.15142799980231048],[-78.41098600000385,-0.15162900007823593],[-78.41214399944596,-0.1501650000146884],[-78.41711100007257,-0.15244499993672173],[-78.4225320000517,-0.1509199997581277],[-78.42772200017012,-0.1528770000734126],[-78.43940000001,-0.1533520003944785],[-78.44052200048993,-0.15220499966093468],[-78.4452130000798,-0.15737399971025234],[-78.45039799996765,-0.15583599983149507],[-78.45257399959034,-0.1578110000774896]]]}},{"type":"Feature","properties":{"dpa_parroq":"170157","dpa_despar":"CUMBAYA"},"geometry":{"type":"Polygon","coordinates":[[[-78.41404500077614,-0.17742599990992838],[-78.41366500033942,-0.18507900029551994],[-78.42051799980574,-0.18588899987743912],[-78.42298799949651,-0.18436399969881967],[-78.42682099998912,-0.18615300036059146],[-78.43059100027443,-0.18554700029379548],[-78.43402400030732,-0.1893200007174025],[-78.4423779997448,-0.19456300058194265],[-78.44798300011526,-0.19386299977759872],[-78.45183899986986,-0.19675900022762258],[-78.45542699985614,-0.19610499974589243],[-78.4567380000586,-0.19762100040878575],[-78.45659699985158,-0.20130300023322356],[-78.45957299949428,-0.2042720004524115],[-78.46604599942327,-0.2171879998262777],[-78.46887900056538,-0.22478999965870908],[-78.4690870002648,-0.22905400024187308],[-78.47129099938006,-0.23279700018134467],[-78.47102999993449,-0.23483099955088438],[-78.47307499981129,-0.2364610000750728],[-78.47013900021464,-0.23859400041264323],[-78.46146999974063,-0.24123499989525363],[-78.45588800043083,-0.24694799985027513],[-78.45237500030598,-0.2470830006798523],[-78.44594600060739,-0.24244199979835013],[-78.44602400060714,-0.2396690005238622],[-78.44385400036182,-0.23932599999477563],[-78.44395899980795,-0.2370929995422335],[-78.44048499968297,-0.23531200014866954],[-78.43942999959476,-0.23222199974542157],[-78.43601500039189,-0.2300979998227074],[-78.43322400028731,-0.23192300034610203],[-78.4315749997864,-0.23097800083396475],[-78.43007399981515,-0.22638899965257647],[-78.43176300036214,-0.2244310001904905],[-78.42898800009607,-0.21935900011771492],[-78.42481800025047,-0.22066700018184152],[-78.42471999932847,-0.21907300041853323],[-78.4215449995021,-0.2179859997540284],[-78.42289100041928,-0.21648499978290142],[-78.42336300060198,-0.2121929997070906],[-78.42237399996007,-0.20758100016289732],[-78.41880700004297,-0.20735000030217007],[-78.41921700006446,-0.20399500026896866],[-78.4157170005391,-0.20290899965054768],[-78.41336800013306,-0.2000579994770538],[-78.4145319998519,-0.1989749998962561],[-78.41318199964952,-0.19711399951139133],[-78.40885699985061,-0.19813900001474039],[-78.40731299969514,-0.1931930003566221],[-78.40492100000407,-0.19373300007778707],[-78.40268599945928,-0.19261000045112028],[-78.40565299958621,-0.19120999974162614],[-78.4050019992428,-0.18829900039843964],[-78.40702300071085,-0.18862699933651528],[-78.40671000066594,-0.18700400003450174],[-78.40853900047443,-0.18655000068193417],[-78.40599099988465,-0.1823019999372867],[-78.4080480003149,-0.18179700003145718],[-78.40902600044951,-0.17903399941952194],[-78.41066199945172,-0.17963500015506706],[-78.41217800011454,-0.17735200009466773],[-78.41151300002494,-0.17580499980085065],[-78.41333799964892,-0.17551399987110983],[-78.41404500077614,-0.17742599990992838]]]}},{"type":"Feature","properties":{"dpa_parroq":"170184","dpa_despar":"TUMBACO"},"geometry":{"type":"Polygon","coordinates":[[[-78.40598499960798,-0.15502600024967764],[-78.40830999980662,-0.15715799964188149],[-78.40992899982344,-0.1564060000368209],[-78.41282200013514,-0.16127899992580053],[-78.41298200031899,-0.16286400017344627],[-78.41158300055497,-0.16335400028686853],[-78.41258600004383,-0.16477200002771322],[-78.41133599995639,-0.16629400006796669],[-78.41130499942612,-0.16974299993942055],[-78.41031300044459,-0.17021799936111462],[-78.411870999447,-0.17124499995668221],[-78.41176399990864,-0.1729070001578401],[-78.4147479999202,-0.17285000022729433],[-78.41557499938665,-0.1715739998401499],[-78.41503500056474,-0.17561300083931863],[-78.41754999963273,-0.17395099973875078],[-78.41849099985974,-0.17519600049489506],[-78.41683900011965,-0.17783499988526147],[-78.41365199973998,-0.1773120000487096],[-78.41320599985697,-0.17546800044785513],[-78.41129800000263,-0.1759759995926534],[-78.41217800011454,-0.17735200009466773],[-78.41066199945172,-0.17963500015506706],[-78.40902600044951,-0.17903399941952194],[-78.4080480003149,-0.18179700003145718],[-78.40595600006927,-0.18239000039811537],[-78.40851000003642,-0.18662799978234917],[-78.40671000066594,-0.18700400003450174],[-78.40702300071085,-0.18862699933651528],[-78.4050019992428,-0.18829900039843964],[-78.40565299958621,-0.19120999974162614],[-78.40284699968925,-0.19179199960105686],[-78.40276899968951,-0.19285400001203623],[-78.40731299969514,-0.1931930003566221],[-78.40885699985061,-0.19813900001474039],[-78.41301099985768,-0.1969839998117069],[-78.4145319998519,-0.1989749998962561],[-78.41336800013306,-0.2000579994770538],[-78.4157170005391,-0.20290899965054768],[-78.41921700006446,-0.20399500026896866],[-78.41880700004297,-0.20735000030217007],[-78.42237399996007,-0.20758100016289732],[-78.42336300060198,-0.2121929997070906],[-78.42289100041928,-0.21648499978290142],[-78.4215449995021,-0.2179859997540284],[-78.42471999932847,-0.21907300041853323],[-78.42481800025047,-0.22066700018184152],[-78.42898800009607,-0.21935900011771492],[-78.43176300036214,-0.2244310001904905],[-78.43007399981515,-0.22638899965257647],[-78.43145599969459,-0.23083300044256486],[-78.43302099991912,-0.23190999974661786],[-78.43520800004909,-0.23046300046709337],[-78.43573700016236,-0.23138699991004053],[-78.43053499949059,-0.24291300083427442],[-78.42624999973762,-0.24647800065915287],[-78.4244500003672,-0.250876999373944],[-78.41864000043566,-0.256549000136219],[-78.41753699993254,-0.260400999706363],[-78.4182239992381,-0.2619829998154647],[-78.40966100005505,-0.2620159995386833],[-78.4048169997047,-0.2655329998479613],[-78.39258299940589,-0.26624400026037714],[-78.38964299962471,-0.26766600018569714],[-78.38697299970413,-0.26776000002394956],[-78.38424000047559,-0.2659589997079711],[-78.378279999922,-0.2712960003101228],[-78.37183199934722,-0.2719190002615828],[-78.37046600020567,-0.26946699960229104],[-78.36405299944627,-0.26632599954511477],[-78.36300999991153,-0.26459999998995437],[-78.36225600021417,-0.258250000337124],[-78.36435699997551,-0.25439799986777356],[-78.36121699996453,-0.2503340004137085],[-78.36459400011296,-0.2289609995504217],[-78.36740799947955,-0.22563099977072032],[-78.3665019999673,-0.2230880003108758],[-78.3700960002302,-0.21360199993228543],[-78.36866500078912,-0.21145599989445],[-78.37005700023037,-0.20996300029219722],[-78.37031200029851,-0.20477500026600975],[-78.37331799952604,-0.20034900030605193],[-78.37143199978694,-0.19874400003547799],[-78.37151399997104,-0.19719400050269215],[-78.37520700030275,-0.19225900045246772],[-78.3751070001879,-0.18395299963111536],[-78.37750099997115,-0.1816500004471215],[-78.37946300051703,-0.18170399934001855],[-78.37944399964083,-0.18048899996734333],[-78.38071499979733,-0.18044100045179373],[-78.38001000056101,-0.17925400057163812],[-78.38204600002287,-0.17923899987990996],[-78.38044399989062,-0.1779509998386988],[-78.38029599936084,-0.17329699925703337],[-78.38237299981404,-0.17421300012978633],[-78.38514599998783,-0.1678059996470511],[-78.38695000044213,-0.16738600006379875],[-78.38587599947776,-0.165677999539938],[-78.38796500048436,-0.1660170007839084],[-78.38891600027314,-0.16421100023735813],[-78.39067999978215,-0.1648589995431244],[-78.39217600042204,-0.16338800005612014],[-78.3916009999861,-0.1603809998831799],[-78.3943040005292,-0.15887399963533366],[-78.39365100009353,-0.15494400006545375],[-78.39526699997204,-0.15237699949888486],[-78.39434499972191,-0.15055300082031767],[-78.39741199996378,-0.14270399948992432],[-78.39891099984273,-0.1448769998735801],[-78.40120200027204,-0.14560500017052],[-78.400665999836,-0.14853300029766595],[-78.40598499960798,-0.15502600024967764]]]}},{"type":"Feature","properties":{"dpa_parroq":"170162","dpa_despar":"GUANGOPOLO"},"geometry":{"type":"Polygon","coordinates":[[[-78.4182239992381,-0.2619829998154647],[-78.41753699993254,-0.260400999706363],[-78.41864000043566,-0.256549000136219],[-78.4244500003672,-0.250876999373944],[-78.42624999973762,-0.24647800065915287],[-78.43053499949059,-0.24291300083427442],[-78.43591700036922,-0.23008500012255687],[-78.4396889998474,-0.23244999946784642],[-78.44048499968297,-0.23531200014866954],[-78.44395899980795,-0.2370929995422335],[-78.44396500008462,-0.23944000075536623],[-78.44583499998521,-0.23940099985622187],[-78.44594600060739,-0.24244199979835013],[-78.45229400016794,-0.24686099943546672],[-78.45143600017121,-0.2505349997903894],[-78.45304799986522,-0.250957999511995],[-78.45282100018898,-0.2552790000257557],[-78.45785800044635,-0.2581520003145362],[-78.45688000031176,-0.26085399991209135],[-78.45263899988987,-0.26075900002781865],[-78.45304799986522,-0.26424300061391615],[-78.44828000032173,-0.27085300056547446],[-78.4426519997899,-0.26677099938204524],[-78.4346069993135,-0.2631800001568148],[-78.42976299986253,-0.26270500073514613],[-78.4252469993495,-0.2654669995023939],[-78.42179499933967,-0.2654669995023939],[-78.4182239992381,-0.2619829998154647]]]}},{"type":"Feature","properties":{"dpa_parroq":"170164","dpa_despar":"LA MERCED"},"geometry":{"type":"Polygon","coordinates":[[[-78.36386100048473,-0.2661539997072536],[-78.3693879999562,-0.2685769999285446],[-78.3716119999938,-0.27180799963942176],[-78.37441599979844,-0.27230500007562164],[-78.38154899958666,-0.26936100010999736],[-78.38424000047559,-0.2659589997079711],[-78.38697299970413,-0.26776000002394956],[-78.38964299962471,-0.26766600018569714],[-78.39258299940589,-0.26624400026037714],[-78.4048169997047,-0.2655329998479613],[-78.40966100005505,-0.2620159995386833],[-78.4182239992381,-0.2619829998154647],[-78.41911900004179,-0.2672519999797541],[-78.41482900005823,-0.27673400017393274],[-78.40724699934952,-0.2869439997657177],[-78.41341999983311,-0.2886290001281189],[-78.41513499978035,-0.29153899942525974],[-78.41901400059561,-0.2920500005070658],[-78.4224069996832,-0.2950660001957195],[-78.42101499934274,-0.29503000033413485],[-78.41902900038805,-0.29735000030220265],[-78.41863599935189,-0.2999749999461947],[-78.41723900057937,-0.29876300071186],[-78.41405000010738,-0.29954699999394097],[-78.41031700062902,-0.3028400007653584],[-78.41011400026086,-0.3075729995941763],[-78.40564199997827,-0.3137399998010863],[-78.40062300055098,-0.31429199917635614],[-78.40229200017563,-0.3164450004363665],[-78.40179599978549,-0.3174360002710921],[-78.40544999921805,-0.319559000147697],[-78.40434600046753,-0.32153900062436513],[-78.40543800046335,-0.3222749994915883],[-78.39810200030698,-0.3239029999234564],[-78.39412000013786,-0.32729100057915916],[-78.38493999948133,-0.32888700043468605],[-78.37776300036217,-0.32248300009035497],[-78.3773439999256,-0.31990599996182345],[-78.37604600032259,-0.3223360005059684],[-78.37444999956779,-0.3201470002837452],[-78.37245200005968,-0.3214239998176525],[-78.37037799974486,-0.3271929996571615],[-78.37136199925676,-0.31965199993981475],[-78.36828999968371,-0.313246999549298],[-78.36787900051537,-0.30896900011920786],[-78.36995299993094,-0.3018119992243606],[-78.36797500044588,-0.29766999977057235],[-78.36527199990282,-0.2767289999433609],[-78.36584000001595,-0.27000300003841615],[-78.36386100048473,-0.2661539997072536]]]}},{"type":"Feature","properties":{"dpa_parroq":"170151","dpa_despar":"ALANGASI"},"geometry":{"type":"Polygon","coordinates":[[[-78.4182239992381,-0.2619829998154647],[-78.42179499933967,-0.2654669995023939],[-78.4252469993495,-0.2654669995023939],[-78.43015099976876,-0.26264499976686256],[-78.43475900002777,-0.263226999626306],[-78.4426519997899,-0.26677099938204524],[-78.44828000032173,-0.27085300056547446],[-78.44870000080434,-0.2731209999341456],[-78.45141700019433,-0.27366400069299746],[-78.4526720005124,-0.2757610002698659],[-78.450584999598,-0.2788430003041252],[-78.45802700014589,-0.28163999978614374],[-78.45774299963965,-0.2839110001924255],[-78.46330900001033,-0.29011200016861255],[-78.4595330003477,-0.29735799977176863],[-78.45785700040022,-0.2974779999097449],[-78.45410099986123,-0.3025120000287427],[-78.45282100018898,-0.30232100021396086],[-78.44738899970255,-0.3073219997104954],[-78.44159799974783,-0.3099559997695091],[-78.43730899981041,-0.3144619998213578],[-78.43347700026332,-0.31556800046279604],[-78.43021899930733,-0.3214670000019512],[-78.42614599943829,-0.3225900005280534],[-78.42413499933069,-0.32474299998937106],[-78.42427199935327,-0.3269659999808713],[-78.42019899948424,-0.3277700001853158],[-78.41978600022365,-0.33008800006105055],[-78.41725100023339,-0.32923900047942245],[-78.41163900043951,-0.33309000000343175],[-78.40905099980375,-0.33305799942705233],[-78.40302599984999,-0.33986999970064535],[-78.4005259996751,-0.3395000006244439],[-78.40179200050036,-0.326100999661393],[-78.40346899959464,-0.32305999971920113],[-78.4053089999104,-0.3225559998594173],[-78.40434600046753,-0.32153900062436513],[-78.40547500037094,-0.3196540000319824],[-78.40179599978549,-0.3174360002710921],[-78.40229200017563,-0.3164450004363665],[-78.40062300055098,-0.31429199917635614],[-78.40564199997827,-0.3137399998010863],[-78.41011400026086,-0.3075729995941763],[-78.41031700062902,-0.3028400007653584],[-78.41405000010738,-0.29954699999394097],[-78.41723900057937,-0.29876300071186],[-78.41863599935189,-0.2999749999461947],[-78.41902900038805,-0.29735000030220265],[-78.42101499934274,-0.29503000033413485],[-78.4224069996832,-0.2950660001957195],[-78.41901400059561,-0.2920500005070658],[-78.41513499978035,-0.29153899942525974],[-78.41341999983311,-0.2886290001281189],[-78.40724699934952,-0.2869439997657177],[-78.41482900005823,-0.27673400017393274],[-78.41911900004179,-0.2672519999797541],[-78.4182239992381,-0.2619829998154647]]]}},{"type":"Feature","properties":{"dpa_parroq":"170176","dpa_despar":"PINTAG"},"geometry":{"type":"Polygon","coordinates":[[[-78.36516000013383,-0.2683080001140396],[-78.36797500044588,-0.29766999977057235],[-78.36995299993094,-0.3018119992243606],[-78.36787900051537,-0.30896900011920786],[-78.36828999968371,-0.313246999549298],[-78.37136199925676,-0.31965199993981475],[-78.37037799974486,-0.3271929996571615],[-78.37245200005968,-0.3214239998176525],[-78.37444999956779,-0.3201470002837452],[-78.37604600032259,-0.3223360005059684],[-78.3773439999256,-0.31990599996182345],[-78.37776300036217,-0.32248300009035497],[-78.38493999948133,-0.32888700043468605],[-78.39412000013786,-0.32729100057915916],[-78.39810200030698,-0.3239029999234564],[-78.40528699979515,-0.32218399979172724],[-78.40179200050036,-0.326100999661393],[-78.40195899920845,-0.33176699924756425],[-78.40024900039101,-0.3374749998712967],[-78.4005259996751,-0.3395000006244439],[-78.40302599984999,-0.33986999970064535],[-78.40905099980375,-0.33305799942705233],[-78.41163900043951,-0.33309000000343175],[-78.41725100023339,-0.32923900047942245],[-78.41923100071004,-0.33017299948429407],[-78.4168079995895,-0.33472000052754386],[-78.41797899963109,-0.3383939999830565],[-78.41495600051901,-0.3437820002390475],[-78.41590200007721,-0.3474979998328005],[-78.41224000027576,-0.3498070001928854],[-78.41198500020757,-0.35251500006712166],[-78.40776499985482,-0.35255799935216303],[-78.40978999970866,-0.35610500014560187],[-78.40877699975867,-0.35835300039055124],[-78.40720099992613,-0.3588319999967206],[-78.40746999974066,-0.36285799949698244],[-78.40523899938032,-0.3617020001471606],[-78.40389400030784,-0.36548300004035905],[-78.4015199996482,-0.3650489998114115],[-78.40156700001698,-0.36884599954317737],[-78.39691700051914,-0.3712329999029473],[-78.39382399997756,-0.3828110005272442],[-78.39714100005708,-0.39116399991858875],[-78.39995100013849,-0.3928229999814061],[-78.40163200031654,-0.39894299981956755],[-78.40586300027717,-0.40192899992335585],[-78.4069370003423,-0.4062339996992536],[-78.40608899990733,-0.4097489999163512],[-78.40728799944155,-0.41093799988871266],[-78.40640199995231,-0.41381999969319394],[-78.40822899966858,-0.42301400009595963],[-78.41156500062428,-0.42969599977049644],[-78.41223399999902,-0.44195000009237473],[-78.41876699999696,-0.4517410001469657],[-78.42285999988907,-0.454995999165989],[-78.42467099976675,-0.46161500043187714],[-78.42421400027588,-0.46630900016017984],[-78.42970299979358,-0.48499100013449714],[-78.43243699996749,-0.48542900054783095],[-78.43302999943488,-0.4885539998671952],[-78.4352500001873,-0.4906589998128996],[-78.43581700025429,-0.4960880001610216],[-78.43254500045137,-0.4996200002627323],[-78.43295700056505,-0.5029239997427226],[-78.43168500036246,-0.5042200001527952],[-78.4296759994478,-0.5151329997880709],[-78.42594799930062,-0.5232249997338737],[-78.42735800047129,-0.5255460006473336],[-78.42788499959302,-0.5384310003902633],[-78.43062500004363,-0.5422140003757947],[-78.43191999950834,-0.5467479999202394],[-78.43151200047839,-0.5588989999887927],[-78.42955200002473,-0.5654750001710994],[-78.42667200031254,-0.5700509998536953],[-78.42284800023495,-0.5707749999661599],[-78.40640299999839,-0.5602819999142892],[-78.39769100023943,-0.5566109996978216],[-78.3936520001396,-0.5565640002283049],[-78.386637999544,-0.5496599993094461],[-78.3844109993681,-0.5441659995611996],[-78.37258699999,-0.5378840003463207],[-78.36868299982049,-0.5416800000318882],[-78.36524300036417,-0.5481469996842397],[-78.35948300004034,-0.5533230000563477],[-78.35038399952192,-0.567949000046217],[-78.3421249999687,-0.5717849997778953],[-78.33655799955197,-0.5797639999086139],[-78.33396899976944,-0.5863309996758355],[-78.32934699976416,-0.5901190007911833],[-78.31942199982537,-0.5906360003510668],[-78.31243900065931,-0.5810210003188632],[-78.30824200046789,-0.5790750005108439],[-78.28991400063053,-0.5764220004749222],[-78.28612299937683,-0.5742999997451438],[-78.27762599964012,-0.5597419992938287],[-78.27068299962069,-0.5428080007885749],[-78.25749100010954,-0.5267050001356232],[-78.25774300003935,-0.5242680001680214],[-78.26298699995004,-0.520984999857824],[-78.26721299968018,-0.5164239999675845],[-78.26659099977478,-0.5119440002153832],[-78.2638880001311,-0.5088850003424181],[-78.25746300061691,-0.5055129995252319],[-78.25432200055981,-0.5014550003479878],[-78.25325999924947,-0.4922710004062639],[-78.25083900001985,-0.488039999546255],[-78.24938400037125,-0.4739260006843012],[-78.24516400001849,-0.4621299998994912],[-78.24175700028532,-0.45779799977781127],[-78.23662200000526,-0.4554350005247784],[-78.23470099955145,-0.45066800012805436],[-78.23641699954489,-0.44187700032319793],[-78.23603099973081,-0.43626999986055914],[-78.24172299961667,-0.42910599954219153],[-78.24808900000733,-0.42579000040814724],[-78.25478900051195,-0.40874199934373723],[-78.24625499996822,-0.3974379996639144],[-78.24372900039297,-0.390587000289768],[-78.24440900027508,-0.38598600035358305],[-78.24306499945008,-0.383093000041887],[-78.25002599940026,-0.37335899991785454],[-78.25269700026631,-0.3646569997207169],[-78.26196900066874,-0.3629040007189935],[-78.27233100007554,-0.35373499967045774],[-78.28393500010013,-0.352401000205941],[-78.28637999953729,-0.3441920002605153],[-78.2908210001889,-0.34096199969645197],[-78.29304500022648,-0.33748100014795235],[-78.29328000027175,-0.3341450000915571],[-78.29934300017925,-0.3284189995371405],[-78.3038779997698,-0.31113000084880965],[-78.30807099977672,-0.3074730003785637],[-78.31391799961597,-0.3089459999578501],[-78.31651899995184,-0.31115399925760945],[-78.31895800001166,-0.30808099963834634],[-78.32244000050557,-0.3106399998361174],[-78.32534999980261,-0.3102279997223038],[-78.33262199970552,-0.31332400040225833],[-78.33434300082878,-0.31194200052278204],[-78.33569500022408,-0.312932000311462],[-78.33960899995529,-0.3124380000136408],[-78.3452340003488,-0.31715300071037816],[-78.3504150000522,-0.3166050006202245],[-78.3515780006242,-0.31827999962223746],[-78.35316499916537,-0.31623499974539393],[-78.35211200006867,-0.31523599954167963],[-78.35663399995909,-0.307833999939039],[-78.35823199990685,-0.3075090002400974],[-78.35830999990652,-0.3061200000379071],[-78.36100199994229,-0.30661899966706824],[-78.36218300044507,-0.3027680001430335],[-78.36081000008137,-0.29805100025339853],[-78.36222799982235,-0.29536099941052557],[-78.36171700053907,-0.29269200043542104],[-78.35669700016638,-0.28738899960258457],[-78.35699400037272,-0.2848789998659205],[-78.35497900008069,-0.28265199968998317],[-78.35750200041696,-0.2821579993921111],[-78.35658799963637,-0.28126500047929415],[-78.35796900036901,-0.2772580000566321],[-78.35961900001674,-0.2775399995712749],[-78.36072299966663,-0.2759449997618573],[-78.36365399993213,-0.26576499975484874],[-78.36516000013383,-0.2683080001140396]]]}},{"type":"Feature","properties":{"dpa_parroq":"170156","dpa_despar":"CONOCOTO"},"geometry":{"type":"Polygon","coordinates":[[[-78.47910100071053,-0.24774099954740314],[-78.47991199943917,-0.24768400051615283],[-78.4789969995119,-0.24923000076382248],[-78.48324000002593,-0.24897399975024886],[-78.48409099969983,-0.2548119991743448],[-78.48981400011596,-0.2577499997626217],[-78.50049099965987,-0.2532479998951974],[-78.49874199994335,-0.25673700071195577],[-78.50070899982049,-0.2583380007980417],[-78.50428200001424,-0.26553100065514],[-78.50489699959684,-0.27895600011923466],[-78.50653299949829,-0.2790740001649542],[-78.50852199949063,-0.2845999995902719],[-78.51141399975627,-0.286400999906174],[-78.51401600013827,-0.28507700000348],[-78.51257000000541,-0.2892929992724144],[-78.51712300042603,-0.3034049998407915],[-78.5167060000818,-0.30533100052517803],[-78.51855900009775,-0.30771799998562704],[-78.5182140003758,-0.31162699948641864],[-78.51615699994555,-0.313084000126484],[-78.5171819995496,-0.3168330003426367],[-78.51610600029167,-0.31724300036410447],[-78.51354299990943,-0.3250770001034233],[-78.51345499944864,-0.32966800047776007],[-78.51157800012454,-0.3279310004152704],[-78.51113100019543,-0.32966599948624603],[-78.50970700017784,-0.32756300053200477],[-78.50916700045667,-0.3285810007125762],[-78.50877999969721,-0.3260659998460067],[-78.50697099991172,-0.32854800009007473],[-78.50472599980499,-0.3266800002817405],[-78.50351999994801,-0.3270279992426807],[-78.50417899976098,-0.32357700017834196],[-78.49578299928596,-0.31888999987352146],[-78.4919190000618,-0.3195950000091672],[-78.49053199995177,-0.3231890002721481],[-78.48805200069918,-0.3241020001071887],[-78.48644799957549,-0.3242770000834413],[-78.48629299962221,-0.32143900050940616],[-78.47010299945386,-0.32893399990412636],[-78.46861600012829,-0.3291280007565569],[-78.4675030000633,-0.3272700005100708],[-78.46751899990188,-0.323966000130785],[-78.46629799935315,-0.3240180007300799],[-78.4659739997003,-0.32227299939928067],[-78.47219000036819,-0.31558600039354384],[-78.46908099998811,-0.31469599982048924],[-78.46766700043166,-0.31132700004093894],[-78.46392000030774,-0.3096669999320632],[-78.46196400003853,-0.3064949993446677],[-78.46295000054201,-0.3022210000990782],[-78.46162399964784,-0.29865599937481524],[-78.46279999992005,-0.2982159997684947],[-78.4632970003562,-0.2898750000312042],[-78.45774299963965,-0.2839110001924255],[-78.45802700014589,-0.28163999978614374],[-78.450584999598,-0.2788430003041252],[-78.4526720005124,-0.2757610002698659],[-78.45127900012575,-0.27348200039395454],[-78.4485080000441,-0.27294499991172017],[-78.44826500052929,-0.2707110003123388],[-78.45304799986522,-0.26424300061391615],[-78.45263899988987,-0.26075900002781865],[-78.45688000031176,-0.26085399991209135],[-78.45782199968549,-0.25836800038285623],[-78.45282100018898,-0.2552790000257557],[-78.45304799986522,-0.250957999511995],[-78.4514200003327,-0.2502730002987129],[-78.45237500030598,-0.2470830006798523],[-78.45588800043083,-0.24694799985027513],[-78.46146999974063,-0.24123499989525363],[-78.47013900021464,-0.23859400041264323],[-78.47253500009012,-0.23634199998325678],[-78.47666800002814,-0.24631099925313266],[-78.47910100071053,-0.24774099954740314]]]}},{"type":"Feature","properties":{"dpa_parroq":"170152","dpa_despar":"AMAGUAÑA"},"geometry":{"type":"Polygon","coordinates":[[[-78.5299540003768,-0.35864200022809894],[-78.5311970001414,-0.3602600001988234],[-78.52461899986687,-0.3654440000404466],[-78.52080800038885,-0.3666769993439841],[-78.51667000022027,-0.36428799979130383],[-78.51414399974571,-0.3655800000169775],[-78.51037499950664,-0.36439200009067446],[-78.50841700004445,-0.365790999854713],[-78.50890100078047,-0.36833400021386564],[-78.50454200031301,-0.3711680005027719],[-78.50955200022457,-0.3723879992067235],[-78.51150600040151,-0.37420900044497646],[-78.51087400003505,-0.37695500027295226],[-78.51517899981096,-0.3799839996618201],[-78.51475199990485,-0.3815530000708476],[-78.51705299989598,-0.38295499997318844],[-78.51644000040565,-0.38710399974971615],[-78.52161499983235,-0.39773800000862597],[-78.509546999994,-0.4089079998042637],[-78.50477000003545,-0.42072899994330365],[-78.49647399967527,-0.4318419998083955],[-78.4933179998258,-0.4449570002652641],[-78.48767500040086,-0.44774000000094655],[-78.48125500021803,-0.45571099976280377],[-78.47899799955798,-0.4568139993665551],[-78.47366399999355,-0.4482120001835956],[-78.47663300021274,-0.43170500068520345],[-78.47181300006987,-0.4159960002152284],[-78.47406099941551,-0.40630899956061084],[-78.47144699937947,-0.4000969999765045],[-78.47102000037269,-0.3944760006668505],[-78.46710799983428,-0.39015300006085857],[-78.46709199999577,-0.3861760001222683],[-78.46444599938332,-0.38096499993471034],[-78.46485799949706,-0.37972300021622746],[-78.47075700083491,-0.3782700006598947],[-78.47057599968255,-0.37429199977593786],[-78.47269699946689,-0.3724840000365408],[-78.46998500030749,-0.3681780002144956],[-78.47331900027156,-0.3672480004947783],[-78.47412699976118,-0.3681780002144956],[-78.47468500031249,-0.36153800067811004],[-78.47281200027354,-0.358218000460295],[-78.4734860007783,-0.35601600053790855],[-78.47054299995942,-0.3513150004868155],[-78.46373900005474,-0.34528300021023806],[-78.47202299986147,-0.3412559997645333],[-78.47173899935531,-0.3402039998147103],[-78.47379799987776,-0.3394159994487696],[-78.47307499981129,-0.33680200031200497],[-78.47999399962332,-0.334699999605282],[-78.4763470005136,-0.326328000236915],[-78.48629299962221,-0.32143900050940616],[-78.48644799957549,-0.3242770000834413],[-78.49036399939901,-0.3232929996721469],[-78.4919190000618,-0.3195950000091672],[-78.49578299928596,-0.31888999987352146],[-78.50417899976098,-0.32357700017834196],[-78.50351999994801,-0.3270279992426807],[-78.50472599980499,-0.3266800002817405],[-78.50697099991172,-0.32854800009007473],[-78.50877999969721,-0.3260659998460067],[-78.50916700045667,-0.3285810007125762],[-78.50970700017784,-0.32756300053200477],[-78.51113100019543,-0.32966599948624603],[-78.51157800012454,-0.3279310004152704],[-78.51345499944864,-0.32966800047776007],[-78.51624400036029,-0.34480299965863853],[-78.51828400000653,-0.34779600008529354],[-78.52015200071425,-0.3562970000064421],[-78.52732000031774,-0.3554579999865858],[-78.5299540003768,-0.35864200022809894]]]}},{"type":"Feature","properties":{"dpa_parroq":"170175","dpa_despar":"PIFO"},"geometry":{"type":"Polygon","coordinates":[[[-78.36368699965526,-0.265740000400606],[-78.36072299966663,-0.2759449997618573],[-78.35961900001674,-0.2775399995712749],[-78.35796900036901,-0.2772580000566321],[-78.35658799963637,-0.28126500047929415],[-78.35750200041696,-0.2821579993921111],[-78.35497499989626,-0.28271299980500425],[-78.35699400037272,-0.2848789998659205],[-78.35669700016638,-0.28738899960258457],[-78.36171700053907,-0.29269200043542104],[-78.36222799982235,-0.29536099941052557],[-78.36081000008137,-0.29805100025339853],[-78.36218300044507,-0.3027680001430335],[-78.36100199994229,-0.30661899966706824],[-78.35830999990652,-0.3061200000379071],[-78.35823199990685,-0.3075090002400974],[-78.35663399995909,-0.307833999939039],[-78.35211200006867,-0.31523599954167963],[-78.35316499916537,-0.31623499974539393],[-78.3515780006242,-0.31827999962223746],[-78.3504150000522,-0.3166050006202245],[-78.3452340003488,-0.31715300071037816],[-78.33960899995529,-0.3124380000136408],[-78.33569500022408,-0.312932000311462],[-78.33434300082878,-0.31194200052278204],[-78.33262199970552,-0.31332400040225833],[-78.32534999980261,-0.3102279997223038],[-78.32244000050557,-0.3106399998361174],[-78.31895800001166,-0.30808099963834634],[-78.31651899995184,-0.31115399925760945],[-78.31391799961597,-0.3089459999578501],[-78.30807099977672,-0.3074730003785637],[-78.3038779997698,-0.31113000084880965],[-78.29934300017925,-0.3284189995371405],[-78.29328000027175,-0.3341450000915571],[-78.29304500022648,-0.33748100014795235],[-78.2908210001889,-0.34096199969645197],[-78.28637999953729,-0.3441920002605153],[-78.28393500010013,-0.352401000205941],[-78.27233100007554,-0.35373499967045774],[-78.26196900066874,-0.3629040007189935],[-78.25269700026631,-0.3646569997207169],[-78.25002599940026,-0.37335899991785454],[-78.24324599970313,-0.38323000006443814],[-78.23192899942374,-0.3770880001110663],[-78.22436799968342,-0.36401100050716917],[-78.21719100056418,-0.3616760007467959],[-78.21570100020094,-0.3551920003105358],[-78.20866900057389,-0.34464500046637087],[-78.20695799991172,-0.33851200002869974],[-78.20389399980822,-0.33628699994507],[-78.19589899983897,-0.33481600045802756],[-78.1923819995296,-0.3298489998314364],[-78.19105400034182,-0.32421299983000335],[-78.1907570001354,-0.3080160002381455],[-78.1919460001078,-0.2973589998179543],[-78.187481000148,-0.2895669993174785],[-78.18864700085832,-0.2841120004684018],[-78.19134400022543,-0.2792249999337524],[-78.1900899999535,-0.2724330005824085],[-78.1863849999677,-0.2632760000872603],[-78.19015900043746,-0.2568320005963429],[-78.18794700005394,-0.25028599999885076],[-78.1891739999801,-0.2408449998968158],[-78.18662000001295,-0.23596200044592439],[-78.18858299970564,-0.22554100011699402],[-78.18538699981016,-0.21480999988155483],[-78.18912600046451,-0.20809399953840735],[-78.18914000021077,-0.19790199987731932],[-78.1943720004674,-0.2023419995835115],[-78.20132700014089,-0.20285499985830427],[-78.2043100001064,-0.2027919996510138],[-78.21240200005225,-0.19837700019835977],[-78.22172700020084,-0.20921399992613082],[-78.23515000047213,-0.21638699976012285],[-78.24086999985057,-0.22181199992384587],[-78.24676699929755,-0.22425500016806504],[-78.2516139997862,-0.22834300072882904],[-78.25847899980596,-0.23033700005243607],[-78.26178700036971,-0.22939299968713803],[-78.26550400000954,-0.2300979998227074],[-78.27068699980514,-0.23430499957601741],[-78.27380699979315,-0.2350779992502045],[-78.27627899957606,-0.23399699976170169],[-78.29177800025442,-0.24098600010376586],[-78.30748299964064,-0.23932399990263342],[-78.31229200017559,-0.23510199945763338],[-78.31036599949121,-0.2306389995900834],[-78.31369199998579,-0.22621000039119502],[-78.31757700017842,-0.22301200040347294],[-78.32081500021206,-0.22224600015272986],[-78.3225229998365,-0.22331999931846774],[-78.32584400010043,-0.22156500022452577],[-78.3266240000975,-0.21818599998385732],[-78.33003500001517,-0.21579100015449593],[-78.33220100007604,-0.21581000013135299],[-78.33460999965172,-0.20978200003925085],[-78.33743900060941,-0.20955300027067852],[-78.33927499984135,-0.20294800054970474],[-78.3404390004595,-0.20353499974037365],[-78.34094700050358,-0.20218699963027617],[-78.35531900047144,-0.21013500013007108],[-78.36253399954438,-0.21868799975134628],[-78.36475300025072,-0.2173170003791865],[-78.36538400057107,-0.21282299998140453],[-78.36866500078912,-0.21145599989445],[-78.37010999997646,-0.21352199984036915],[-78.36910200025704,-0.2140279997923334],[-78.36927300004882,-0.21751999984811138],[-78.3665019999673,-0.2230880003108758],[-78.36740799947955,-0.22563099977072032],[-78.36459400011296,-0.2289609995504217],[-78.36273000048907,-0.23836999997549993],[-78.36328500000268,-0.24059700015137367],[-78.36150199961752,-0.24384599979296046],[-78.36232099961438,-0.2449899994888428],[-78.36128699959532,-0.25081199997379405],[-78.36274600032758,-0.2530789992963177],[-78.36404499997671,-0.2527939996433089],[-78.36435699997551,-0.25439799986777356],[-78.36211100072204,-0.2598470002387856],[-78.36368699965526,-0.265740000400606]]]}},{"type":"Feature","properties":{"dpa_parroq":"170110","dpa_despar":"EL CONDADO"},"geometry":{"type":"Polygon","coordinates":[[[-78.49715799974179,-0.04999399952336069],[-78.49963899993982,-0.04884399955091174],[-78.50006399975375,-0.05119900023361045],[-78.51003600006126,-0.05957599983247293],[-78.51122399998754,-0.06193799993874287],[-78.51095600021921,-0.06613999946135384],[-78.51380499940113,-0.06856500067420974],[-78.51407000082986,-0.07336000056347888],[-78.52286800005811,-0.0735870002398072],[-78.52777099953197,-0.07277899985084925],[-78.52860800035887,-0.06993999933143481],[-78.53137200011768,-0.0718219997854134],[-78.53785899979293,-0.06980999963172493],[-78.53856399992864,-0.07112800015699516],[-78.53626399998356,-0.07205399969226264],[-78.53683900041949,-0.07287300058844806],[-78.54668800045083,-0.07577899970101186],[-78.5459229993469,-0.08029100002960524],[-78.54982499942409,-0.08941800004057977],[-78.551383999372,-0.09065500042787532],[-78.55743999985607,-0.09125999954921568],[-78.5555330000479,-0.09327499984127015],[-78.55831800077513,-0.10059099997459615],[-78.55834600026765,-0.1067840004812045],[-78.55654499995178,-0.11120100002610252],[-78.55702200036498,-0.11596199924679913],[-78.56108000044163,-0.13100899976545263],[-78.56301799988077,-0.13360199973244982],[-78.56221000039119,-0.14067300025866153],[-78.56456700026686,-0.14843300018273242],[-78.56844099995217,-0.15370999981658778],[-78.56713399993413,-0.16085800029648978],[-78.56788099930858,-0.16405899952314243],[-78.56025800030638,-0.16035100029835264],[-78.55341300030963,-0.15908700046460858],[-78.54407599960771,-0.1452489999413592],[-78.54080099966635,-0.1367550003429374],[-78.53049300005183,-0.12968600080821424],[-78.52236700033677,-0.12899099933512123],[-78.5164229996217,-0.12563700024729912],[-78.51376400020843,-0.12101299925043547],[-78.50658799933662,-0.11801299940037464],[-78.50381400001605,-0.10835299999091103],[-78.49972400026232,-0.10564900030108648],[-78.50057900012065,-0.10322500003364804],[-78.49580300020823,-0.1017769998085916],[-78.49436199940669,-0.10330900031001417],[-78.49074199974346,-0.10153800047831107],[-78.48767100021642,-0.08945900013269809],[-78.47923599974155,-0.07414299979956503],[-78.48254999968266,-0.07134100008703821],[-78.48161999996297,-0.06757999931742159],[-78.48271300000495,-0.06834599956815195],[-78.4824979999827,-0.06714700003395509],[-78.48477100048126,-0.06709299934236532],[-78.48825099998359,-0.06438700045964313],[-78.48986599981598,-0.06526600052549575],[-78.48759900049345,-0.0583479998602499],[-78.48473499972043,-0.05741399995612095],[-78.4864959999904,-0.05639299963711994],[-78.48812299947679,-0.05102999963475623],[-78.4902460002527,-0.04978699987011322],[-78.49715799974179,-0.04999399952336069]]]}},{"type":"Feature","properties":{"dpa_parroq":"170177","dpa_despar":"POMASQUI"},"geometry":{"type":"Polygon","coordinates":[[[-78.45428399930707,-0.07067399990513211],[-78.45453599923695,-0.06343999995592822],[-78.4558070002928,-0.06283599998135077],[-78.45414199995332,-0.05786900025410599],[-78.45203700000754,-0.05658600044353029],[-78.44374399978575,-0.05952099999410752],[-78.43645900018264,-0.04845199946015357],[-78.4314759997176,-0.0365189995521388],[-78.43039700032128,-0.02247599946775874],[-78.43794400031533,-0.02247599946775874],[-78.43769100033933,-0.0236630002471971],[-78.4446019997824,-0.02111499965745984],[-78.4475489998864,-0.02290799960444961],[-78.44930099974128,-0.02787399928554695],[-78.44876700029681,-0.02952200063972778],[-78.45020599920745,-0.03097899948117675],[-78.45908300028022,-0.03297099961189887],[-78.47328499960304,-0.03121300037961635],[-78.47906599999583,-0.03222200014515339],[-78.48064800010506,-0.0364289998983489],[-78.48031899932232,-0.04174900061574757],[-78.48291499942762,-0.04581700025430061],[-78.48507300001887,-0.04791599992338754],[-78.48721299978003,-0.04716100017998642],[-78.4895390000248,-0.04869400072745465],[-78.49178600022366,-0.04844600008276796],[-78.49199400082242,-0.05003100033032465],[-78.48812299947679,-0.05102999963475623],[-78.4864959999904,-0.05639299963711994],[-78.48473699981261,-0.05723300060243187],[-78.48795200058433,-0.05889399985819773],[-78.48986599981598,-0.06526600052549575],[-78.48825099998359,-0.06438700045964313],[-78.48477100048126,-0.06709299934236532],[-78.4824979999827,-0.06714700003395509],[-78.48271300000495,-0.06834599956815195],[-78.48161999996297,-0.06757999931742159],[-78.48254999968266,-0.07134100008703821],[-78.47981500036192,-0.0741789996610479],[-78.46912800035689,-0.07410699993804398],[-78.46461000065094,-0.0709290008726219],[-78.46101899962707,-0.07188700008492244],[-78.45428399930707,-0.07067399990513211]]]}},{"type":"Feature","properties":{"dpa_parroq":"170114","dpa_despar":"JIPIJAPA"},"geometry":{"type":"Polygon","coordinates":[[[-78.44725499981836,-0.14885599990443982],[-78.450037999554,-0.14714600018768145],[-78.45063300001289,-0.14886200018109547],[-78.4644420000982,-0.15058899978245419],[-78.46382599957018,-0.15183300049255283],[-78.46565899956312,-0.15484299990448727],[-78.46750099997111,-0.15377799935512917],[-78.47710299940385,-0.15442199937569023],[-78.4855840002014,-0.16021200018362114],[-78.48703099948104,-0.16843699996749978],[-78.47621699991457,-0.17091199988882833],[-78.47627399984518,-0.16925499991828044],[-78.4667549997434,-0.16550300046300637],[-78.46186800010811,-0.1621139997612197],[-78.45957100030135,-0.16264999929793486],[-78.4510219999653,-0.16082799981230345],[-78.44899899930431,-0.15879100030434684],[-78.45017000024527,-0.15722900021814795],[-78.45255799975183,-0.15787199929325335],[-78.45167599954772,-0.15654000082027608],[-78.44872500015859,-0.1559860004535304],[-78.44524099957243,-0.15738500021750526],[-78.44144900007124,-0.1535060003015918],[-78.4411610002799,-0.15249100025939913],[-78.44725499981836,-0.14885599990443982]]]}},{"type":"Feature","properties":{"dpa_parroq":"170112","dpa_despar":"IÑAQUITO"},"geometry":{"type":"Polygon","coordinates":[[[-78.44885499985831,-0.15660999955181687],[-78.45257399959034,-0.1578110000774896],[-78.45017000024527,-0.15722900021814795],[-78.44899899930431,-0.15879100030434684],[-78.4510219999653,-0.16082799981230345],[-78.45957100030135,-0.16264999929793486],[-78.46186800010811,-0.1621139997612197],[-78.4667549997434,-0.16550300046300637],[-78.47627399984518,-0.16925499991828044],[-78.47621699991457,-0.17091199988882833],[-78.48703099948104,-0.16843699996749978],[-78.48923100021045,-0.17961700022428106],[-78.49501900002674,-0.1958080004388169],[-78.48433399921464,-0.19870299994346144],[-78.4864670004517,-0.20212100018396606],[-78.48289999963524,-0.2035860002935847],[-78.48029800015254,-0.20202999958474596],[-78.47679599963558,-0.19491000039609452],[-78.47464000003596,-0.1940009998461828],[-78.47774900041598,-0.19177100043125128],[-78.47702700039571,-0.1901720004374093],[-78.46837800084404,-0.19426100014496164],[-78.46015000002248,-0.1922859998989544],[-78.45827299979908,-0.1907300000893221],[-78.45606300040707,-0.19152800001709822],[-78.45247200028253,-0.18905800032637965],[-78.45377400006998,-0.18587300003885898],[-78.45104600017268,-0.18379900062327206],[-78.45120600035658,-0.17977700040819],[-78.44860500002066,-0.17928500020248558],[-78.4456309995709,-0.18127300014882147],[-78.44322300004134,-0.18009499978435387],[-78.44575599993941,-0.17739599942579296],[-78.44720999954183,-0.17253199995177138],[-78.44565399973223,-0.17202100066861983],[-78.44716099998011,-0.1709390002345978],[-78.44522100044875,-0.17113300018773286],[-78.44313199944217,-0.164315999683568],[-78.45006300070689,-0.16246000042858322],[-78.4481380000686,-0.1573959998254627],[-78.44885499985831,-0.15660999955181687]]]}},{"type":"Feature","properties":{"dpa_parroq":"170105","dpa_despar":"COMITE DEL PUEBLO"},"geometry":{"type":"Polygon","coordinates":[[[-78.46759699990156,-0.09618600008377758],[-78.47017499917683,-0.09818100035282751],[-78.46901899982689,-0.10201600003832026],[-78.47072999958976,-0.10444000030572052],[-78.47224400016047,-0.10489499970438465],[-78.47370500008564,-0.10282799971236894],[-78.47812399972274,-0.10892200015012758],[-78.48012399932307,-0.12018800077556989],[-78.47548299934087,-0.1210530001956891],[-78.47251199992881,-0.1273000004945663],[-78.47136300000237,-0.1273120001486839],[-78.47111300016479,-0.12354299990950127],[-78.46979699973176,-0.1283640000984433],[-78.4669599993045,-0.1258449999467322],[-78.46412299977658,-0.12725999954928724],[-78.45975899997782,-0.12171800028542755],[-78.45889900078818,-0.1182049992612403],[-78.45205499993823,-0.12112400077193013],[-78.44938800015602,-0.12100899996537019],[-78.45692700068047,-0.11453099980577847],[-78.46019600034508,-0.11397400019989865],[-78.46139299978704,-0.11167200016257865],[-78.46000700062258,-0.11250900009024184],[-78.4603440008749,-0.1096460002626431],[-78.45844099945255,-0.10934299977952738],[-78.46142200022506,-0.10822599953016988],[-78.46474299958967,-0.09777399957035389],[-78.46759699990156,-0.09618600008377758]]]}},{"type":"Feature","properties":{"dpa_parroq":"170174","dpa_despar":"PERUCHO"},"geometry":{"type":"Polygon","coordinates":[[[-78.38296099995019,0.11302199966565608],[-78.394861000135,0.11385299931648551],[-78.39653299989799,0.11850399975979768],[-78.40075600038905,0.11921800031051592],[-78.40631600048297,0.11599500006924295],[-78.41574199989331,0.11475300035070922],[-78.42132200001024,0.1202090001453306],[-78.4268009999661,0.12069400002819378],[-78.43233299966813,0.12474899996643089],[-78.43686700011195,0.1246930000820071],[-78.43808999985353,0.1293470006635962],[-78.44064800000518,0.12857199999785693],[-78.44167599974749,0.12640000055966952],[-78.44917999955727,0.12823599979164976],[-78.44916699985716,0.12167700039331523],[-78.44461599952866,0.12005100005370384],[-78.443269000364,0.11554500000176611],[-78.44106799958848,0.1155220007398819],[-78.43969000079287,0.11241799969105319],[-78.43803200077613,0.11275099975894524],[-78.43611600055296,0.11045600004445379],[-78.4303210004138,0.1090679998882964],[-78.42806599984593,0.10504999985761326],[-78.42268199977447,0.10641900003682453],[-78.41553000000944,0.10092100010415367],[-78.4059699998156,0.10257099975188576],[-78.40331799982576,0.10104000019590612],[-78.40273700001251,0.1025329997981716],[-78.39448299979055,0.105625999440312],[-78.38296099995019,0.11302199966565608]]]}},{"type":"Feature","properties":{"dpa_parroq":"170102","dpa_despar":"CARCELEN"},"geometry":{"type":"Polygon","coordinates":[[[-78.4539530002307,-0.0715789993712858],[-78.45428399930707,-0.07067399990513211],[-78.46101899962707,-0.07188700008492244],[-78.46461000065094,-0.0709290008726219],[-78.46912800035689,-0.07410699993804398],[-78.47923599974155,-0.07414299979956503],[-78.48767100021642,-0.08945900013269809],[-78.49131400004103,-0.10233399941452231],[-78.488196999292,-0.10276699959727156],[-78.48731499998722,-0.10023299965312776],[-78.48809099979977,-0.09642899959859697],[-78.48496899971948,-0.09764499991677873],[-78.48356499972489,-0.0950669997421888],[-78.47432099971435,-0.09092300019625833],[-78.46914900042597,-0.09556400017840143],[-78.46497100021143,-0.09740799977926862],[-78.46148900061684,-0.10812200013014561],[-78.45923700018741,-0.10698399981168705],[-78.4564670001519,-0.103825999869974],[-78.45522600047948,-0.09870000000496773],[-78.45614699978415,-0.09050399975970529],[-78.45070100045074,-0.0822689995146194],[-78.45130699961827,-0.07375499989328213],[-78.4539530002307,-0.0715789993712858]]]}},{"type":"Feature","properties":{"dpa_parroq":"170153","dpa_despar":"ATAHUALPA"},"geometry":{"type":"Polygon","coordinates":[[[-78.36267799988973,0.11763499925588229],[-78.34338500051734,0.12292300029634967],[-78.34290700005796,0.11040300029835781],[-78.33548800057066,0.10549399964847261],[-78.303897000646,0.10554300010946513],[-78.29191499937768,0.10314500014172502],[-78.28276099992019,0.10756499982493815],[-78.27717899971107,0.11280899973566391],[-78.27501999997294,0.12307300001896229],[-78.28223800008358,0.12719400030290678],[-78.28930700051764,0.13491200008889],[-78.28893700054206,0.14098399951202834],[-78.28574499993174,0.1470589999729299],[-78.28590600016172,0.15871899988200255],[-78.2894999995253,0.15975099980894827],[-78.29233600080573,0.16331499958767928],[-78.29979000010836,0.1638399995165006],[-78.29997499964647,0.16646099987538923],[-78.30254099926762,0.16925700021044138],[-78.3013380004483,0.1735079992947621],[-78.30799500076863,0.17909799987290226],[-78.30921799961096,0.18365999980925107],[-78.31254600019767,0.1863190001218284],[-78.32027100030638,0.1876570006700777],[-78.32373499997021,0.19049700033636957],[-78.32921499997221,0.19165899996297428],[-78.33241199991377,0.19603699950798525],[-78.33282999940488,0.20213700022242498],[-78.33947700016341,0.20347800000982114],[-78.34212299987647,0.2020709998768194],[-78.34514699993407,0.18922799937280907],[-78.36063400005897,0.16826500032960648],[-78.36740699943343,0.16540200050195683],[-78.36839000069797,0.16300400053435668],[-78.37300899966556,0.1605520007742714],[-78.37354700019385,0.15806500029959336],[-78.37560799990922,0.1563430000295364],[-78.38139999991002,0.15646500025964213],[-78.38724600060242,0.16042900049800551],[-78.39021000059104,0.16069399922870162],[-78.39410700043767,0.15666200035111777],[-78.39621599966857,0.15606899998448504],[-78.39848299989049,0.14607399951556443],[-78.40121600001837,0.14358099966355167],[-78.40655599985946,0.1425750000362534],[-78.41018600088316,0.1394469996794312],[-78.40565000034717,0.13873400007406683],[-78.39831800037535,0.13287499968154887],[-78.38947000063995,0.13167500010120456],[-78.38761699972473,0.126255000168206],[-78.38425100008357,0.12721199933432095],[-78.38123899968006,0.12550200051704888],[-78.37755799990173,0.1257809998933639],[-78.37157199994776,0.11928599984907003],[-78.36267799988973,0.11763499925588229]]]}},{"type":"Feature","properties":{"dpa_parroq":"170158","dpa_despar":"CHAVEZPAMBA"},"geometry":{"type":"Polygon","coordinates":[[[-78.36267799988973,0.11763499925588229],[-78.37157199994776,0.11928599984907003],[-78.37755799990173,0.1257809998933639],[-78.38123899968006,0.12550200051704888],[-78.38425100008357,0.12721199933432095],[-78.38761699972473,0.126255000168206],[-78.38947000063995,0.13167500010120456],[-78.39831800037535,0.13287499968154887],[-78.40731300059446,0.13945400000214522],[-78.41377600006236,0.13835400053679808],[-78.41955300027071,0.13205699973078092],[-78.42126199994132,0.1332280006717791],[-78.42350299986349,0.13164100033196569],[-78.431854000062,0.13153099975595212],[-78.43808999985353,0.1293470006635962],[-78.43686700011195,0.1246930000820071],[-78.43233299966813,0.12474899996643089],[-78.4268009999661,0.12069400002819378],[-78.42132200001024,0.1202090001453306],[-78.41574199989331,0.11475300035070922],[-78.40631600048297,0.11599500006924295],[-78.40075600038905,0.11921800031051592],[-78.39653299989799,0.11850399975979768],[-78.394861000135,0.11385299931648551],[-78.38511800049531,0.11378500067736683],[-78.37370900046996,0.11168700015503008],[-78.36267799988973,0.11763499925588229]]]}},{"type":"Feature","properties":{"dpa_parroq":"170178","dpa_despar":"PUELLARO"},"geometry":{"type":"Polygon","coordinates":[[[-78.38296099995019,0.11302199966565608],[-78.39448299979055,0.105625999440312],[-78.40273700001251,0.1025329997981716],[-78.40331799982576,0.10104000019590612],[-78.4059699998156,0.10257099975188576],[-78.41553000000944,0.10092100010415367],[-78.42268199977447,0.10641900003682453],[-78.42806599984593,0.10504999985761326],[-78.4303210004138,0.1090679998882964],[-78.43766999937091,0.11163600050105088],[-78.43736300050203,0.10584199950873377],[-78.43547599981754,0.10575600003947001],[-78.4360090001152,0.10295200023473738],[-78.43339800021748,0.10010999957685517],[-78.43402000012287,0.09721600011834536],[-78.43046599990592,0.09451200042855898],[-78.42977799965486,0.08813999976127368],[-78.42461000055104,0.08634399967586703],[-78.42339199924136,0.08386099938566427],[-78.42060699941347,0.08314400049529821],[-78.4224390002596,0.07938799995625341],[-78.42055600065882,0.07470799997427416],[-78.42109000010336,0.07166399989374175],[-78.41910399935003,0.06903700015751839],[-78.42023100006051,0.06461999971335035],[-78.41940099955643,0.0632169997647857],[-78.42150600040154,0.0588299998047658],[-78.42088399959687,0.0533380001485852],[-78.42515299951127,0.04438400002161925],[-78.42399700016138,0.03978700026985868],[-78.41946100052473,0.03748900041719206],[-78.41907600075677,0.03542900074792856],[-78.41204900046098,0.03214600043762931],[-78.41104199988835,0.0284749993218153],[-78.40822499948406,0.02740000011008264],[-78.40736500029446,0.02504200018818618],[-78.40484500009666,0.02354999973275994],[-78.40383600033111,0.02025599981459231],[-78.40139500017908,0.01913800041845918],[-78.39747700026332,0.0231910002644523],[-78.39622800022195,0.02724299916518062],[-78.39274099949753,0.02882500017365407],[-78.38574400058516,0.03643199933739997],[-78.37995399977723,0.0393360001563489],[-78.37583099940103,0.0468450001966244],[-78.37339799961795,0.05735900031767249],[-78.35819199986088,0.06345199980995005],[-78.35124899984147,0.07033899994498935],[-78.34488200030405,0.07365399993228348],[-78.34246700045168,0.07790800005417661],[-78.33246799979831,0.08331100010265115],[-78.32758500034738,0.08797799948517165],[-78.32499499961946,0.0937240000625801],[-78.31513399993408,0.10481099962808815],[-78.33548800057066,0.10549399964847261],[-78.3410620004109,0.10855499961361811],[-78.34304300003441,0.11081000018137058],[-78.34270899992035,0.12192999946990646],[-78.34405900012271,0.12314699983424839],[-78.36267799988973,0.11763499925588229],[-78.37294600035757,0.11177899990094947],[-78.38296099995019,0.11302199966565608]]]}},{"type":"Feature","properties":{"dpa_parroq":"170180","dpa_despar":"SAN ANTONIO"},"geometry":{"type":"Polygon","coordinates":[[[-78.47906599999583,-0.03222200014515339],[-78.47328499960304,-0.03121300037961635],[-78.45908300028022,-0.03297099961189887],[-78.45020599920745,-0.03097899948117675],[-78.44876700029681,-0.02952200063972778],[-78.44930099974128,-0.02787399928554695],[-78.4475489998864,-0.02290799960444961],[-78.4446019997824,-0.02111499965745984],[-78.43769100033933,-0.0236630002471971],[-78.43794400031533,-0.02247599946775874],[-78.43039700032128,-0.02247599946775874],[-78.4165900003282,-0.04337099987166455],[-78.4108510000735,-0.03820399991460359],[-78.40740000010987,-0.03156300033213421],[-78.40200300033815,-0.03159100072406381],[-78.3976419997784,-0.0297889994626806],[-78.399632999863,-0.02537099987167331],[-78.39766299984748,-0.01996899986937166],[-78.39929999979512,-0.01203500001518294],[-78.40066399974374,-0.00968599960911443],[-78.40448299959071,-0.0086789999358341],[-78.4025739996903,-0.00364400067002249],[-78.40663900008977,-0.0017499996627326],[-78.40726300008735,0.00039199929140844],[-78.40865700052012,0.00087199984302071],[-78.40744600043253,0.00714999977274536],[-78.4042179999607,0.00918099990330363],[-78.4061619996765,0.01250499940623488],[-78.40531800032535,0.01845000016742656],[-78.40383600033111,0.02025599981459231],[-78.40454899993637,0.02295300008096013],[-78.40736500029446,0.02504200018818618],[-78.40858099971332,0.0277289999934867],[-78.41104199988835,0.0284749993218153],[-78.41204900046098,0.03214600043762931],[-78.41907600075677,0.03542900074792856],[-78.41946100052473,0.03748900041719206],[-78.42370100000109,0.03942899994842845],[-78.42509399948848,0.04405500013830424],[-78.42088399959687,0.0533380001485852],[-78.42150600040154,0.0588299998047658],[-78.41940099955643,0.0632169997647857],[-78.42023100006051,0.06461999971335035],[-78.41910399935003,0.06903700015751839],[-78.42109000010336,0.07166399989374175],[-78.42055600065882,0.07470799997427416],[-78.4224390002596,0.07938799995625341],[-78.42065200058931,0.08336999922619634],[-78.42339199924136,0.08386099938566427],[-78.42411600025315,0.08607400071462457],[-78.42977799965486,0.08813999976127368],[-78.43046599990592,0.09451200042855898],[-78.43402000012287,0.09721600011834536],[-78.43339800021748,0.10010999957685517],[-78.4360090001152,0.10295200023473738],[-78.43547599981754,0.10575600003947001],[-78.43736300050203,0.10584199950873377],[-78.43775900077723,0.11234700001406948],[-78.43969000079287,0.11241799969105319],[-78.44106799958848,0.1155220007398819],[-78.44313200034149,0.11536599984102555],[-78.44461599952866,0.12005100005370384],[-78.44916699985716,0.12167700039331523],[-78.45029799985278,0.1313389998950483],[-78.45162900007826,0.12983400063863976],[-78.45845400005204,0.12980900038502527],[-78.46295900005775,0.1312989998490138],[-78.46395099993869,0.12735700062514352],[-78.4661309997458,0.12529999929560418],[-78.46396199954657,0.11953599968665435],[-78.46414499989179,0.11542100057881366],[-78.46729399941844,0.11159200027064291],[-78.46969200028552,0.104560999790313],[-78.46879199925132,0.09552999970982218],[-78.48205200009971,0.07345899993298823],[-78.48407000053001,0.06580899968568633],[-78.48266200035098,0.06134499977201435],[-78.47799099988468,0.05817600022230571],[-78.47762499919435,0.04571500024710364],[-78.4818230003312,0.03030299998355048],[-78.48117999945735,0.02210999987671763],[-78.47799400002305,0.01677400021997069],[-78.48530299983355,0.01104999975777259],[-78.4906229996517,-0.00390600016174985],[-78.48340000020983,-0.01242299992145312],[-78.47906599999583,-0.03222200014515339]]]}}]}